 , ,LK032463,LK032463,LK032463,LK032463,LK032463,LK032463,LK032463,LK032463,LK032463,LK032463,LK032463,LK032463,LK032463,LK032463,LK032463,LK032463,LK032463,LK032463,LK032463,LK032463,LK032463,LK032463,LK032463,LK032463,LK032463,LK032463,LK032463,LK032463,LK032463,LK032463,LK032463,LK032463,LK032463,LK032463,LK032463,LK032463,LK032463,LK032463,LK032463,LK032463,LK032463,LK032463,LK032463,LK032463,LK032463,LK032463,LK032463,LK032463,LK032463,LK032463,LK032463,LK032463,LK032463,LK032463,LK032463
POS, ,95466,95554,96025,96172,96199,96208,96230,96248,96312,96330,96331,96333,96338,96346,96358,96384,96404,96423,96531,96540,96552,96590,96621,96682,96704,96719,96730,96753,96760,96773,97018,97023,97044,97061,97093,97206,97699,97717,97732,97770,97996,98101,98258,98264,98338,98417,98423,98450,98576,98595,98609,98610,98642,98942,98969
TYPE, ,snp,snp,snp,snp,snp,snp,ins,snp,snp,snp,snp,snp,snp,snp;complex,snp,snp,complex,snp,snp,snp,snp,snp,snp,snp,del,snp,snp,snp,snp,snp,snp,snp,del,complex,snp,snp,ins,snp,complex,snp,complex,snp,snp,snp,ins,snp,mnp,snp,del;complex,snp,snp,snp,snp,complex;complex;snp,snp
REF, ,A,A,G,C,C,T,CCTA,C,A,C,C,C,A,AAG,G,T,AATTTACTCCATAA,A,A,T,T,T,G,G,CAAATCTAACAA,C,G,A,G,T,C,G,GGAAACT,ACAC,A,GAAAAAATAAGAGATTTGTA,GATCATCA,T,CGAT,A,GCAAAAAAAAATTG,C,A,A,CAGATAAAAAAAATCC,GC,CT,A,TCTTATAAATAAATAG,A,G,A,A,ATTTTTGCTTTTATTTTCTCTCTT,T

Xiangyou 15,SL446907,.,.,.,*,*,*,CCTCTA,T,.,.,.,.,.,.,.,.,.,.,.,.,.,*,*,T,CA,T,A,T,A,C,T,C,*,GCAA,G,*,.,.,.,.,*,T,*,*,.,GT,TC,C,.,.,.,.,.,ATTTTTGCTTTTATTTTCTTTCTT,*
 , ,.,.,.,-,-,-,-,-,.,.,.,.,.,.,.,.,.,.,.,.,.,-,A,-,-,-,-,-,-,-,-,-,-,-,-,-,.,.,.,.,-,-,G,-,.,-,-,-,.,.,.,.,.,-,-

Temple,SL446904,*,*,*,*,*,*,*,*,*,*,*,*,*,*,*,*,*,*,*,*,*,*,*,*,*,*,*,*,*,*,*,*,*,*,*,*,*,*,*,*,*,*,*,*,*,*,*,*,TCTTATAAATAG,*,*,*,*,*,*
 , ,-,-,-,-,-,-,-,-,-,-,-,-,-,-,-,-,-,-,-,-,-,-,-,-,-,-,-,-,-,-,-,-,-,-,-,-,-,-,-,-,-,-,-,-,-,-,-,-,-,-,-,-,-,-,-

Rocket,SL446902,*,*,*,*,*,*,*,*,*,*,*,*,*,*,*,*,*,*,*,*,*,*,*,*,*,*,*,*,*,*,*,*,*,*,*,*,*,*,*,*,*,*,*,*,*,*,*,*,TCTTATAAATAG,*,*,*,*,*,*
 , ,-,-,-,-,-,-,-,-,-,-,-,-,-,-,-,-,-,-,-,-,-,-,-,-,-,-,-,-,-,-,-,-,-,-,-,-,-,-,-,-,-,-,-,-,-,-,-,-,-,-,-,-,-,-,-

Palmedor,SL446899,*,*,*,*,*,*,*,*,*,*,*,*,*,*,*,*,*,*,*,*,*,*,*,*,*,*,*,*,*,*,*,*,*,*,*,*,*,*,*,*,*,*,*,*,*,*,*,*,TCTTATAAATAG,*,*,*,*,*,*
 , ,-,-,-,-,-,-,-,-,-,-,-,-,-,-,-,-,-,-,-,-,-,-,-,-,-,-,-,-,-,-,-,-,-,-,-,-,-,-,-,-,-,-,-,-,-,-,-,-,-,-,-,-,-,-,-

Huron x Navajo,SL446896,*,*,*,*,*,*,*,*,*,*,*,*,*,*,*,*,*,*,*,*,*,*,*,*,*,*,*,*,*,*,*,*,*,*,*,*,*,*,*,*,*,*,*,*,*,*,*,*,*,*,*,*,*,*,*
 , ,-,-,-,-,-,-,-,-,-,-,-,-,-,-,-,-,-,-,-,-,-,-,-,-,-,-,-,-,-,-,-,-,-,-,-,-,-,-,-,-,-,-,-,-,-,-,-,-,-,-,-,-,-,-,-

Couve Nabica,SL446842,G,*,A,A,*,C,CCTCTA,*,G,T,*,*,G,AAAGTAA,*,C,AATAT,G,G,C,C,A,*,*,*,*,*,*,*,*,*,*,*,*,*,GAAAAAATAAGAAATTTGTA,GATCATCATCA,C,TGAC,C,GTAAAAAATTTG,*,G,*,CAGATAAAAAAAAATCC,*,*,*,TCCTATAAATAG,C,*,G,*,*,*
 , ,-,-,-,-,-,-,-,-,-,-,-,-,-,-,-,-,-,-,-,-,-,-,-,-,-,-,-,-,-,-,-,-,-,-,-,-,-,-,-,-,-,T,-,-,-,-,-,-,-,-,-,-,-,-,-

Cabriolet,SL446888,*,*,*,*,*,*,*,*,*,*,*,*,*,*,*,*,*,*,*,*,*,*,*,*,*,*,*,*,*,*,*,*,*,*,*,*,*,*,*,*,*,*,*,*,*,*,*,*,*,*,*,*,*,*,*
 , ,-,-,-,-,-,-,-,-,-,-,-,-,-,-,-,-,-,-,-,-,-,-,-,-,-,-,-,-,-,-,-,-,-,-,-,-,-,-,-,-,-,-,-,-,-,-,-,-,-,-,-,-,-,-,-

Taisetsu,SL446837,*,*,*,*,*,*,*,*,*,*,*,*,*,*,*,*,*,*,*,*,*,*,*,*,*,*,*,*,*,*,*,*,*,*,*,*,*,*,*,*,*,*,*,*,*,*,*,*,TCTTATAAATAG,*,*,*,*,*,*
 , ,-,-,-,-,-,-,-,-,-,-,-,-,-,-,-,-,-,-,-,-,-,-,-,-,-,-,-,-,-,-,-,-,-,-,-,-,-,-,-,-,-,-,-,-,-,-,-,-,-,-,-,-,-,-,-

Tribune,SL446876,.,.,*,*,*,*,CCTCTA,T,.,.,.,.,.,.,.,.,.,.,.,.,.,*,*,T,*,*,A,T,A,C,T,C,*,GCAA,*,*,*,*,*,.,*,*,*,*,*,GT,TC,C,.,.,.,.,.,.,.
 , ,.,.,-,-,-,-,-,-,.,.,.,.,.,.,.,.,.,.,.,.,.,A,A,-,CA,T,-,-,-,-,-,-,-,-,G,-,-,-,-,.,-,T,G,-,-,-,-,-,.,.,.,.,.,.,.

"POH 285, Bolko",SL446900,*,*,*,*,*,*,*,*,*,*,*,*,*,*,*,*,*,*,*,*,*,*,*,*,*,*,*,*,*,*,*,*,*,*,*,*,*,*,*,*,*,*,*,*,*,*,*,*,TCTTATAAATAG,*,*,*,*,*,*
 , ,-,-,-,-,-,-,-,-,-,-,-,-,-,-,-,-,-,-,-,-,-,-,-,-,-,-,-,-,-,-,-,-,-,-,-,-,-,-,-,-,-,-,-,-,-,-,-,-,-,-,-,-,-,-,-

English Giant,SL446836,*,*,*,*,*,*,*,*,*,*,*,*,*,*,*,*,*,*,*,*,*,*,*,*,*,*,*,*,*,*,*,*,*,*,*,*,*,*,*,*,*,*,*,*,*,*,*,*,TCTTATAAATAG,*,*,*,*,*,*
 , ,-,-,-,-,-,-,-,-,-,-,-,-,-,-,-,-,-,-,-,-,-,-,-,-,-,-,-,-,-,-,-,-,-,-,-,-,-,-,-,-,-,-,-,-,-,-,-,-,-,-,-,-,-,-,-

Zhongshuang II,SL446908,*,*,*,*,*,*,*,*,*,*,*,T,*,*,*,*,*,*,*,*,*,*,*,*,*,*,*,*,*,*,*,*,*,*,*,*,*,*,*,*,*,T,*,T,*,*,*,*,TCTTATAAATAG,*,T,*,C,ATTTTCGCTTTTATTTCCTTTCTT,C
 , ,-,-,-,-,-,-,-,-,-,-,-,-,-,-,-,-,-,-,-,-,-,-,-,-,-,-,-,-,-,-,-,-,-,-,-,-,-,-,-,-,-,-,-,-,-,-,-,-,-,-,-,-,-,-,-

Topas,SL446875,*,*,*,*,*,*,*,*,*,*,*,*,*,*,*,*,*,*,*,*,*,*,*,*,*,*,*,*,*,*,*,*,*,*,*,*,*,*,*,*,*,T,*,T,*,*,*,*,TCTTATAAATAG,*,T,*,C,ATTTTCGCTTTTATTTCCTTTCTT,C
 , ,-,-,-,-,-,-,-,-,-,-,-,-,-,-,-,-,-,-,-,-,-,-,-,-,-,-,-,-,-,-,-,-,-,-,-,-,-,-,-,-,-,-,-,-,-,-,-,-,-,-,-,-,-,-,-

Vision,SL446905,*,*,*,*,*,*,*,*,*,*,*,*,*,*,*,*,*,*,*,*,*,*,*,*,*,*,*,*,*,*,*,*,*,*,*,*,*,*,*,*,*,*,*,*,*,*,*,*,TCTTATAAATAG,*,*,*,*,*,*
 , ,-,-,-,-,-,-,-,-,-,-,-,-,-,-,-,-,-,-,-,-,-,-,-,-,-,-,-,-,-,-,-,-,-,-,-,-,-,-,-,-,-,-,-,-,-,-,-,-,-,-,-,-,-,-,-

Ragged Jack,SL446843,G,T,*,*,A,*,*,*,*,*,T,*,*,AAA,A,*,*,G,G,C,*,*,*,*,*,*,*,*,*,*,*,*,GGAACT,*,*,*,*,*,*,*,*,*,*,*,*,*,*,*,TCTTATAAATAG,*,*,*,*,*,*
 , ,-,-,-,-,-,-,-,-,-,-,-,-,-,-,-,-,-,-,-,-,-,-,-,-,-,-,-,-,-,-,-,-,-,-,-,-,-,-,-,-,-,-,-,-,-,-,-,-,-,-,-,-,-,-,-

Ningyou 7,SL446898,.,.,.,*,*,*,CCTCTA,T,.,.,.,.,.,.,.,.,.,.,.,.,.,*,A,T,CA,T,A,T,A,C,T,C,*,GCAA,G,*,.,.,.,.,*,*,*,*,.,GT,TC,C,.,.,.,.,.,ATTTTTGCTTTTATTTTCTTTCTT,*
 , ,.,.,.,A,-,-,-,-,.,.,.,.,.,.,.,.,.,.,.,.,.,-,-,-,-,-,-,-,-,-,-,-,-,-,-,-,.,.,.,.,-,T,G,-,.,-,-,-,.,.,.,.,.,-,-

Chembre Dzagumhana,SL446841,*,*,*,*,*,*,*,*,*,*,*,*,*,*,*,*,*,*,*,*,*,*,*,*,*,*,*,*,*,*,*,*,*,*,*,*,*,*,*,*,*,*,*,*,*,*,*,*,*,*,*,*,*,*,*
 , ,-,-,-,-,-,-,-,-,-,-,-,-,-,-,-,-,-,-,-,-,-,-,-,-,-,-,-,-,-,-,T,C,-,-,-,-,-,-,-,-,-,-,-,-,-,-,-,-,-,-,-,-,-,-,-

Q100,SL446838,*,*,*,*,*,*,*,*,*,*,*,*,*,*,*,*,*,*,*,*,*,*,*,*,*,*,*,*,*,*,*,*,*,*,*,*,*,*,*,*,*,*,*,*,*,*,*,*,*,*,*,*,*,*,*
 , ,-,-,-,-,-,-,-,-,-,-,-,-,-,-,-,-,-,-,-,-,-,-,-,-,-,-,-,-,-,-,-,-,-,-,-,-,-,-,-,-,-,-,-,-,-,-,-,-,-,-,-,-,-,-,-

Dippes,SL446826,*,*,*,*,*,*,*,*,*,*,*,*,*,*,*,*,*,*,*,*,*,*,*,*,*,*,*,*,*,*,*,*,*,*,*,*,*,*,*,*,*,*,*,*,*,*,*,*,*,*,*,*,*,*,*
 , ,-,-,-,-,-,-,-,-,-,-,-,-,-,-,-,-,-,-,-,-,-,-,-,-,-,-,-,-,-,-,-,-,-,-,-,-,-,-,-,-,-,-,-,-,-,-,-,-,-,-,-,-,-,-,-

Slovenska Krajova,SL446831,*,*,*,*,*,*,*,*,*,*,*,*,*,*,*,*,*,*,*,*,*,*,*,*,*,*,*,*,*,*,*,*,*,*,*,*,*,*,*,*,*,*,*,*,*,*,*,*,TCTTATAAATAG,*,*,*,*,*,*
 , ,-,-,-,-,-,-,-,-,-,-,-,-,-,-,-,-,-,-,-,-,-,-,-,-,-,-,-,-,-,-,-,-,-,-,-,-,-,-,-,-,-,-,-,-,-,-,-,-,-,-,-,-,-,-,-

Coriander,SL446825,*,*,*,*,*,*,*,*,*,*,*,*,*,*,*,*,*,*,*,*,*,*,*,*,*,*,*,*,*,*,*,*,*,*,*,*,*,*,*,*,*,*,*,*,*,*,*,*,TCTTATAAATAG,*,*,*,*,*,*
 , ,G,T,-,-,A,-,-,-,-,-,T,-,-,AAA,A,-,-,G,G,C,-,-,-,-,-,-,-,-,-,-,-,-,GGAACT,-,-,-,-,-,-,-,-,-,-,-,-,-,-,-,-,-,-,-,-,ATTTTGGCTTTTATTTCCTTTCTT,C

Aphid Resistant rape,SL446834,G,T,*,*,A,*,*,*,*,*,T,*,*,AAA,A,*,*,G,G,C,*,*,*,*,*,*,*,*,*,*,*,*,GGAACT,*,*,*,*,*,*,*,*,*,*,*,*,*,*,*,TCTTATAAATAG,*,*,*,*,*,*
 , ,-,-,-,-,-,-,-,-,-,-,-,-,-,-,-,-,-,-,-,-,-,-,-,-,-,-,-,-,-,-,-,-,-,-,-,-,-,-,-,-,-,-,-,-,-,-,-,-,-,-,-,-,-,-,-

KARAT,SL446857,*,*,*,*,*,*,*,*,*,*,*,*,*,*,*,*,*,*,*,*,*,*,*,*,*,*,*,*,*,*,*,*,*,*,*,*,*,*,*,*,*,*,*,*,*,*,*,*,TCTTATAAATAG,*,*,*,*,*,*
 , ,-,-,-,-,-,-,-,-,-,-,-,-,-,-,-,-,-,-,-,-,-,-,-,-,-,-,-,-,-,-,-,-,-,-,-,-,-,-,-,-,-,T,-,T,-,-,-,-,-,-,T,-,C,ATTTTCGCTTTTATTTCCTTTCTT,C

YORK,SL446887,G,T,*,*,A,*,*,*,*,*,T,*,*,AAA,A,*,*,G,G,C,*,*,*,*,*,*,*,*,*,*,*,*,*,*,*,*,*,*,*,*,*,*,*,*,*,*,*,*,TCTTATAAATAG,*,*,*,*,*,*
 , ,-,-,-,-,-,-,-,-,-,-,-,-,-,-,-,-,-,-,-,-,-,-,-,-,-,-,-,-,-,-,T,C,GGAACT,-,-,-,-,-,-,-,-,-,-,-,-,-,-,-,-,-,-,-,-,-,-

RAFAL DH1,SL446813,*,*,*,*,*,*,*,*,*,*,*,*,*,*,*,*,*,*,*,*,*,*,*,*,*,*,*,*,*,*,*,*,*,*,*,*,*,*,*,*,*,*,*,*,*,*,*,*,TCTTATAAATAG,*,*,*,*,*,*
 , ,-,-,-,-,-,-,-,-,-,-,-,-,-,-,-,-,-,-,-,-,-,-,-,-,-,-,-,-,-,-,-,-,-,-,-,-,-,-,-,-,-,-,-,-,-,-,-,-,-,-,-,-,-,-,-

Eurol,SL446815,*,*,*,*,*,*,*,*,*,*,*,*,*,*,*,*,*,*,*,*,*,*,*,*,*,*,*,*,*,*,*,*,*,*,*,*,*,*,*,*,*,*,*,*,*,*,*,*,TCTTATAAATAG,*,*,*,*,*,*
 , ,-,-,-,-,-,-,-,-,-,-,-,-,-,-,-,-,-,-,-,-,-,-,-,-,-,-,-,-,-,-,-,-,-,-,-,-,-,-,-,-,-,-,-,-,-,-,-,-,-,-,-,-,-,ATTTTTGCTTTTATTTTCTTTCTT,-

Brauner schnittkohl,SL446839,*,*,*,*,*,*,*,*,*,*,*,*,*,*,*,*,*,*,*,*,*,*,*,*,*,*,*,*,*,*,*,*,*,*,*,*,*,*,*,*,*,*,*,*,*,*,*,*,*,*,*,*,*,*,*
 , ,-,-,-,-,-,-,-,-,-,-,-,-,-,-,-,-,-,-,-,-,-,-,-,-,-,-,-,-,-,-,-,-,-,-,-,-,-,-,-,-,-,-,-,-,-,-,-,-,-,-,-,-,-,-,-

WESTAR DH,SL446855,*,*,*,*,*,*,*,*,*,*,*,T,*,*,*,*,*,*,*,*,*,*,*,*,*,*,*,*,*,*,*,*,*,*,*,*,*,*,*,*,*,T,*,T,*,*,*,*,TCTTATAAATAG,*,T,*,C,ATTTTCGCTTTTATTTCCTTTCTT,C
 , ,-,-,-,-,-,-,-,-,-,-,-,-,-,-,-,-,-,-,-,-,-,-,-,T,-,-,-,-,-,-,T,C,-,-,-,-,-,-,-,-,-,-,-,-,-,-,-,-,-,-,-,-,-,-,-

WEIHENSTEPHANER,SL446869,G,T,*,*,A,*,*,*,*,*,T,*,*,AAA,A,*,*,G,G,C,*,*,*,*,*,*,*,*,*,*,*,*,GGAACT,*,*,*,*,*,*,*,*,*,*,*,*,*,*,*,TCTTATAAATAG,*,*,*,*,ATTTTGGCTTTTATTTCCTTTCTT,C
 , ,-,-,-,-,-,-,-,-,-,-,-,-,-,-,-,-,-,-,-,-,-,-,-,-,-,-,-,-,-,-,-,-,-,-,-,-,-,-,-,-,-,-,-,-,-,-,-,-,-,-,-,-,-,-,-

Kromerska,SL446827,*,*,*,*,*,*,*,*,*,*,*,*,*,*,*,*,*,*,*,*,*,*,*,*,*,*,*,*,*,*,*,*,*,*,*,*,*,*,*,*,*,*,*,*,*,*,*,*,TCTTATAAATAG,*,*,*,*,*,*
 , ,-,-,-,-,-,-,-,-,-,-,-,-,-,-,-,-,-,-,-,-,-,-,-,-,-,-,-,-,-,-,-,-,-,-,-,-,-,-,-,-,-,-,-,-,-,-,-,-,-,-,-,-,-,ATTTTTGCTTTTATTTTCTTTCTT,-

Drakkar,SL446853,*,*,*,*,*,*,*,*,*,*,*,T,*,*,*,*,*,*,*,*,*,*,*,*,*,*,*,*,*,*,*,*,*,*,*,*,*,*,*,*,*,T,*,T,*,*,*,*,TCTTATAAATAG,*,T,*,C,ATTTTCGCTTTTATTTCCTTTCTT,C
 , ,-,-,-,-,-,-,-,-,-,-,-,-,-,-,-,-,-,-,-,-,-,-,-,-,-,-,-,-,-,-,-,-,-,-,-,-,-,-,-,-,-,-,-,-,-,-,-,-,-,-,-,-,-,-,-

Excalibur,SL446893,*,*,*,*,*,*,*,*,*,*,*,*,*,*,*,*,*,*,*,*,*,*,*,*,*,*,*,*,*,*,*,*,*,*,*,*,*,*,*,*,*,*,*,*,*,*,*,*,TCTTATAAATAG,*,*,*,*,*,*
 , ,-,-,-,-,-,-,-,-,-,-,-,-,-,-,-,-,-,-,-,-,-,-,-,-,-,-,-,-,-,-,-,-,-,-,-,-,-,-,-,-,-,-,-,-,-,-,-,-,-,-,-,-,-,-,-

CANBERRA x COURAGE DH LINE,SL446810,*,*,*,*,*,*,*,*,*,*,*,*,*,*,*,*,*,*,*,*,*,*,*,*,*,*,*,*,*,*,*,*,*,*,*,*,*,*,*,*,*,*,*,*,*,*,*,*,TCTTATAAATAG,*,*,*,*,*,*
 , ,-,-,-,-,-,-,-,-,-,-,-,T,-,-,-,-,-,-,-,-,-,-,-,-,-,-,-,-,-,-,-,-,-,-,-,-,-,-,-,-,-,T,-,T,-,-,-,-,-,-,T,-,C,ATTTTCGCTTTTATTTCCTTTCTT,C

Chuanyou 2,SL446891,.,.,.,*,*,*,CCTCTA,T,.,.,.,.,.,.,.,.,.,.,.,.,.,*,A,T,CA,T,A,T,A,C,T,C,*,GCAA,G,GAAAAAATAAGAAATTTGTA,.,.,.,.,.,.,.,.,.,GT,TC,C,.,.,.,.,.,ATTTTTGCTTTTATTTTCTTTCTT,*
 , ,.,.,.,-,-,-,-,-,.,.,.,.,.,.,.,.,.,.,.,.,.,-,-,-,-,-,-,-,-,-,-,-,-,-,-,-,.,.,.,.,.,.,.,.,.,-,-,-,.,.,.,.,.,-,-

SHANNON x WINNER DH LINE,SL446819,.,.,.,*,*,*,CCTCTA,T,.,.,.,.,.,.,.,.,.,.,.,.,.,*,A,T,CA,T,A,T,A,C,T,C,*,GCAA,G,GAAAAAATAAGAAATTTGTA,.,.,.,.,.,*,.,.,*,GT,TC,C,.,.,.,.,.,ATTTTTGCTTTTATTTTCTTTCTT,*
 , ,.,.,.,-,-,-,-,-,.,.,.,.,.,.,.,.,.,.,.,.,.,-,-,-,-,-,-,-,-,-,-,-,-,-,-,-,.,.,.,.,.,T,.,.,-,-,-,-,.,.,.,.,.,-,-

Dwarf Essex,SL446835,G,T,*,*,A,*,*,*,*,*,T,*,*,AAA,A,*,*,G,G,C,*,*,*,*,*,*,*,*,*,*,*,*,GGAACT,*,*,*,*,*,*,*,*,*,*,*,*,*,*,*,TCTTATAAATAG,*,*,*,*,*,*
 , ,-,-,-,-,-,-,-,-,-,-,-,-,-,-,-,-,-,-,-,-,-,-,-,-,-,-,-,-,-,-,-,-,-,-,-,-,-,-,-,-,-,-,-,-,-,-,-,-,-,-,-,-,-,-,-

Wilhelmsburger; Reform,SL446885,G,T,*,*,A,*,*,*,*,*,T,*,*,AAA,A,*,*,G,G,C,*,*,*,*,*,*,*,*,*,*,*,*,GGAACT,*,*,*,*,*,*,*,*,*,*,*,*,*,*,*,TCTTATAAATAG,*,*,*,*,*,*
 , ,-,-,-,-,-,-,-,-,-,-,-,-,-,-,-,-,-,-,-,-,-,-,-,-,-,-,-,-,-,-,-,-,-,-,-,-,-,-,-,-,-,-,-,-,-,-,-,-,-,-,-,-,-,-,-

N02D-1952,SL446861,*,*,*,*,*,*,*,*,*,*,*,T,*,*,*,*,*,*,*,*,*,*,*,*,*,*,*,*,*,*,*,*,*,*,*,*,*,*,*,*,*,T,*,T,*,*,*,*,TCTTATAAATAG,*,T,*,C,ATTTTCGCTTTTATTTCCTTTCTT,C
 , ,-,-,-,-,-,-,-,-,-,-,-,-,-,-,-,-,-,-,-,-,-,-,-,-,-,-,-,-,-,-,-,-,-,-,-,-,-,-,-,-,-,-,-,-,-,-,-,-,-,-,-,-,-,-,-

APEX-93_5 X GINYOU_3 DH LINE,SL446808,G,T,*,*,A,*,*,*,*,*,T,*,*,AAA,A,*,*,G,G,C,*,*,*,*,*,*,*,*,*,*,*,*,GGAACT,*,*,*,*,*,*,*,*,*,*,*,*,*,*,*,TCTTATAAATAG,*,*,*,*,ATTTTGGCTTTTATTTCCTTTCTT,C
 , ,-,-,-,-,-,-,-,-,-,-,-,-,-,-,-,-,-,-,-,-,-,-,-,-,-,-,-,-,-,-,-,-,-,-,-,-,-,-,-,-,-,-,-,-,-,-,-,-,-,-,-,-,-,-,-

LEMBKES MALCHOWER (LENORA),SL446821,*,*,*,*,*,*,*,*,*,*,*,*,*,*,*,*,*,*,*,*,*,*,*,*,*,*,*,*,*,*,*,*,*,*,*,*,*,*,*,*,*,*,*,*,*,*,*,*,TCTTATAAATAG,*,*,*,*,*,*
 , ,-,-,-,-,-,-,-,-,-,-,-,-,-,-,-,-,-,-,-,-,-,-,-,-,-,-,-,-,-,-,-,-,-,-,-,-,-,-,-,-,-,-,-,-,-,-,-,-,-,-,-,-,-,-,-

Flash,SL446894,*,*,*,*,*,*,*,*,*,*,*,*,*,*,*,*,*,*,*,*,*,*,*,*,*,*,*,*,*,*,*,*,*,*,*,*,*,*,*,*,*,*,*,*,*,*,*,*,TCTTATAAATAG,*,*,*,*,*,*
 , ,-,-,-,-,-,-,-,-,-,-,-,-,-,-,-,-,-,-,-,-,-,-,-,-,-,-,-,-,-,-,T,C,-,-,-,-,-,-,-,-,-,-,-,-,-,-,-,-,-,-,-,-,-,-,-

SURPASS400-024DH,SL446863,.,.,.,.,.,.,.,.,.,.,.,.,.,.,.,.,.,.,.,.,.,.,.,.,.,.,.,.,.,.,.,.,.,.,.,.,.,.,.,.,.,.,.,.,.,.,.,.,.,.,.,.,.,.,.
 , ,.,.,.,.,.,.,.,.,.,.,.,.,.,.,.,.,.,.,.,.,.,.,.,.,.,.,.,.,.,.,.,.,.,.,.,.,.,.,.,.,.,.,.,.,.,.,.,.,.,.,.,.,.,.,.

Samourai,SL446823,G,T,*,*,A,*,*,*,*,*,T,*,*,AAA,A,*,*,G,G,C,*,*,*,*,*,*,*,*,*,*,*,*,*,*,*,*,*,*,*,*,*,*,*,*,*,*,*,*,TCTTATAAATAG,*,*,*,*,*,*
 , ,-,-,-,-,-,-,-,-,-,-,-,-,-,-,-,-,-,-,-,-,-,-,-,-,-,-,-,-,-,-,T,C,GGAACT,-,-,-,-,-,-,-,-,-,-,-,-,-,-,-,-,-,-,-,-,-,-

Ceska Krajova,SL446872,G,T,*,*,A,*,*,*,*,*,T,*,*,AAA,A,*,*,G,G,C,*,*,*,*,*,*,*,*,*,*,*,*,GGAACT,*,*,*,*,*,*,*,*,*,*,*,*,*,*,*,TCTTATAAATAG,*,*,*,*,ATTTTGGCTTTTATTTCCTTTCTT,*
 , ,-,-,-,-,-,-,-,-,-,-,-,-,-,-,-,-,-,-,-,-,-,-,-,-,-,-,-,-,-,-,-,-,-,-,-,-,-,-,-,-,-,-,-,-,-,-,-,-,-,-,-,-,-,ATTTTTGCTTTTATTTTCTTTCTT,C

LICROWN X EXPRESS DH LINE,SL446817,G,T,*,*,A,*,*,*,*,*,T,*,*,AAA,A,*,*,G,G,C,*,*,*,*,*,*,*,*,*,*,*,*,GGAACT,*,*,*,*,*,*,*,*,*,*,*,*,*,*,*,TCTTATAAATAG,*,*,*,*,*,*
 , ,-,-,-,-,-,-,-,-,-,-,-,-,-,-,-,-,-,-,-,-,-,-,-,-,-,-,-,-,-,-,-,-,-,-,-,-,-,-,-,-,-,-,-,-,-,-,-,-,-,-,-,-,-,-,-

MAZOWIECKI,SL446867,*,*,*,*,*,*,*,*,*,*,*,*,*,*,*,*,*,*,*,*,*,*,*,*,*,*,*,*,*,*,*,*,*,*,*,*,*,*,*,*,*,T,*,T,*,*,*,*,TCTTATAAATAG,*,T,*,C,ATTTTCGCTTTTATTTCCTTTCTT,C
 , ,-,-,-,-,-,-,-,-,-,-,-,-,-,-,-,-,-,-,-,-,-,-,-,-,-,-,-,-,-,-,-,-,-,-,-,-,-,-,-,-,-,-,-,-,-,-,-,-,-,-,-,-,-,-,-

MADRIGAL x RECITAL DH LINE,SL446812,*,*,*,*,*,*,*,*,*,*,*,*,*,*,*,*,*,*,*,*,*,*,*,*,*,*,*,*,*,*,*,*,*,*,*,*,*,*,*,*,*,*,*,*,*,*,*,*,TCTTATAAATAG,*,*,*,*,*,*
 , ,-,-,-,-,-,-,-,-,-,-,-,-,-,-,-,-,-,-,-,-,-,-,-,-,-,-,-,-,-,-,T,C,-,-,-,-,-,-,-,-,-,-,-,-,-,-,-,-,-,-,-,-,-,-,-

Norin,SL446822,*,*,*,*,*,*,*,*,*,*,*,*,*,*,*,*,*,*,*,*,*,*,*,*,*,*,*,*,*,*,*,*,*,*,*,*,*,*,*,*,*,*,*,*,*,*,*,*,TCTTATAAATAG,*,*,*,*,*,*
 , ,G,T,-,-,A,-,-,-,-,-,T,-,-,AAA,A,-,-,G,G,C,-,-,-,-,-,-,-,-,-,-,-,-,GGAACT,-,-,-,-,-,-,-,-,-,-,-,-,-,-,-,-,-,-,-,-,-,-

TAPIDOR DH,SL446814,.,.,.,*,*,*,CCTCTA,T,.,.,.,.,.,.,.,.,.,.,.,.,.,*,A,T,CA,T,A,T,A,C,T,C,*,GCAA,G,*,.,.,.,.,.,T,.,.,*,GT,TC,C,.,.,.,.,.,ATTTTTGCTTTTATTTTCTTTCTT,*
 , ,.,.,.,-,-,-,-,-,.,.,.,.,.,.,.,.,.,.,.,.,.,-,-,-,-,-,-,-,-,-,-,-,-,-,-,-,.,.,.,.,.,-,.,.,-,-,-,-,.,.,.,.,.,-,-

Slapska Slapy,SL446845,*,*,*,*,*,*,*,*,*,*,*,*,*,*,*,*,*,*,*,*,*,*,*,*,*,*,*,*,*,*,*,*,*,*,*,*,*,*,*,*,*,*,*,*,*,*,*,*,TCTTATAAATAG,*,*,*,*,*,*
 , ,-,-,-,-,-,-,-,-,-,-,-,-,-,-,-,-,-,-,-,-,-,-,-,-,-,-,-,-,-,-,-,-,-,-,-,-,-,-,-,-,-,-,-,-,-,-,-,-,-,-,-,-,-,-,-

Tina,SL446883,G,T,*,*,A,*,*,*,*,*,T,*,*,AAA,A,*,*,G,G,C,*,*,*,*,*,*,*,*,*,*,*,*,GGAACT,*,*,*,*,*,*,*,*,*,*,*,*,*,*,*,.,.,*,*,*,.,.
 , ,-,-,-,-,-,-,-,-,-,-,-,-,-,-,-,-,-,-,-,-,-,-,-,-,-,-,-,-,-,-,-,-,-,-,-,-,-,-,-,-,-,-,-,-,-,-,-,-,.,.,T,-,-,.,.

Moana rape,SL446833,G,T,*,*,A,*,*,*,*,*,T,*,*,AAA,A,*,*,G,G,C,*,*,*,*,*,*,*,*,*,*,*,*,GGAACT,*,*,*,*,*,*,*,*,*,*,*,*,*,*,*,TCTTATAAATAG,*,*,*,*,*,*
 , ,-,-,-,-,-,-,-,-,-,-,-,-,-,-,-,-,-,-,-,-,-,-,-,-,-,-,-,-,-,-,T,C,-,-,-,-,-,-,-,-,-,-,-,-,-,-,-,-,-,-,-,-,-,-,-

HANSEN X GASPARD DH LINE,SL446811,*,*,*,*,*,*,*,*,*,*,*,*,*,*,*,*,*,*,*,*,*,*,*,*,*,*,*,*,*,*,*,*,*,*,*,*,*,*,*,*,*,*,*,*,*,*,*,*,*,*,*,*,*,*,*
 , ,-,-,-,-,-,-,-,-,-,-,-,-,-,-,-,-,-,-,-,-,-,-,-,-,-,-,-,-,-,-,-,-,-,-,-,-,-,-,-,-,-,-,-,-,-,-,-,-,-,-,-,-,-,-,-

Baltia,SL446824,*,*,*,*,*,*,*,*,*,*,*,*,*,*,*,*,*,*,*,*,*,*,*,*,*,*,*,*,*,*,*,*,*,*,*,*,*,*,*,*,*,*,*,*,*,*,*,*,*,*,*,*,*,*,*
 , ,-,-,-,-,-,-,-,-,-,-,-,-,-,-,-,-,-,-,-,-,-,-,-,-,-,-,-,-,-,-,T,C,-,-,-,-,-,-,-,-,-,-,-,-,-,GT,TC,C,-,-,-,-,-,-,-

TANTAL,SL446868,G,T,*,*,A,*,*,*,*,*,T,*,*,AAA,A,*,*,G,G,C,*,*,*,*,*,*,*,*,*,*,*,*,GGAACT,*,*,*,*,*,*,*,*,*,*,*,*,*,*,*,TCTTATAAATAG,*,*,*,*,ATTTTGGCTTTTATTTCCTTTCTT,C
 , ,-,-,-,-,-,-,-,-,-,-,-,-,-,-,-,-,-,-,-,-,-,-,-,-,-,-,-,-,-,-,-,-,-,-,-,-,-,-,-,-,-,-,-,-,-,-,-,-,-,-,-,-,-,-,-

Siberische boerenkool,SL446844,G,T,*,*,A,*,*,*,*,*,T,*,*,AAA,A,*,*,G,G,C,*,*,*,*,*,*,*,*,*,*,*,*,GGAACT,*,*,*,*,*,*,*,*,*,*,*,*,*,*,*,TCTTATAAATAG,*,*,*,*,*,*
 , ,-,-,-,-,-,-,-,-,-,-,-,-,-,-,-,-,-,-,-,-,-,-,-,-,-,-,-,-,-,-,-,-,-,-,-,-,-,-,-,-,-,-,-,-,-,-,-,-,-,-,-,-,-,-,-

JAUNE A COLLET VERT,SL446879,*,*,*,*,*,*,*,*,*,*,*,*,*,*,*,*,*,*,*,*,*,*,*,*,*,*,*,*,*,*,*,*,*,*,*,*,*,*,*,*,*,*,*,*,*,*,*,*,TCTTATAAATAG,*,*,*,*,*,*
 , ,-,-,-,-,-,-,-,-,-,-,-,-,-,-,-,-,-,-,-,-,-,-,-,-,-,-,-,-,-,-,-,-,-,-,-,-,-,-,-,-,-,-,-,-,-,-,-,-,-,-,-,-,-,-,-

GROENE GRONINGER SNIJMOES,SL446847,*,*,*,*,*,*,*,*,*,*,*,*,*,*,*,*,*,*,*,*,*,*,*,*,*,*,*,*,*,*,*,*,*,*,*,*,*,*,*,*,*,*,*,*,*,*,*,*,*,*,*,*,*,*,*
 , ,-,-,-,-,-,-,-,-,-,-,-,-,-,-,-,-,-,-,-,-,-,-,-,-,-,-,-,-,-,-,-,-,-,-,-,-,-,-,-,-,-,-,-,-,-,-,-,-,-,-,-,-,-,-,-

JANETZKIS SCHLESISCHER,SL446820,*,*,*,*,*,*,*,*,*,*,*,*,*,*,*,*,*,*,*,*,*,*,*,*,*,*,*,*,*,*,*,*,*,*,*,*,*,*,*,*,*,*,*,*,*,*,*,*,TCTTATAAATAG,*,*,*,*,*,*
 , ,-,-,-,-,-,-,-,-,-,-,-,-,-,-,-,-,-,-,-,-,-,-,-,-,-,-,-,-,-,-,-,-,-,-,-,-,-,-,-,-,-,-,-,-,-,-,-,-,-,-,-,-,-,-,-

MONTY-028DH,SL446859,*,*,*,*,*,*,*,*,*,*,*,*,*,*,*,.,.,.,.,.,.,*,A,T,CA,*,*,T,A,*,T,C,*,GCAA,G,*,*,*,*,.,*,*,G,*,CAGATAAAAAAAAATCC,*,*,*,.,.,.,.,.,*,*
 , ,G,-,A,A,-,C,CCTCTA,T,G,T,-,T,G,AAAGTAA,-,.,.,.,.,.,.,-,-,-,-,T,A,-,-,C,-,-,-,-,-,-,GATCATCATCA,C,TGAC,.,-,T,-,-,-,GT,TC,C,.,.,.,.,.,ATTTTTGCTTTTATTTTCTTTCTT,-

RAPID CYCLING RAPE (CrGC5),SL446848,*,*,*,*,*,*,*,*,*,*,*,*,*,*,*,*,*,*,*,*,*,*,*,*,*,*,*,*,*,*,*,*,*,*,*,*,*,*,*,*,*,*,*,*,*,*,*,*,TCTTATAAATAG,*,*,*,*,*,*
 , ,-,-,-,-,-,-,-,-,-,-,-,-,-,-,-,-,-,-,-,-,-,-,-,-,-,-,-,-,-,-,-,-,-,-,-,-,-,-,-,-,-,-,-,-,-,-,-,-,-,-,-,-,-,-,-

SWU Chinese 1,SL446849,.,.,*,*,*,*,CCTCTA,T,.,.,.,.,.,.,.,.,.,.,.,.,.,*,A,T,CA,T,A,T,A,C,T,C,*,GCAA,G,GAAAAAATAAGAAATTTGTA,.,*,*,.,*,*,*,*,*,GT,TC,*,.,.,.,.,.,ATTTTTGCTTTTATTTTCTTTCTT,*
 , ,.,.,-,-,-,-,-,-,.,.,.,.,.,.,.,.,.,.,.,.,.,-,-,-,-,-,-,-,-,-,-,-,-,-,-,-,.,-,-,.,-,T,G,-,-,-,-,C,.,.,.,.,.,-,-

Ramses,SL446830,*,*,*,*,*,*,*,*,*,*,*,*,*,*,*,*,*,*,*,*,*,*,*,*,*,*,*,*,*,*,*,*,*,*,*,*,*,*,*,*,*,*,*,*,*,*,*,*,TCTTATAAATAG,*,*,*,*,*,*
 , ,-,T,-,-,-,-,-,-,-,-,-,-,-,-,-,-,-,-,-,-,-,-,-,-,-,-,-,-,-,-,-,-,-,-,-,-,-,-,-,-,-,-,-,-,-,-,-,-,-,-,-,-,-,-,-

SWU Chinese 2,SL446850,.,.,.,*,*,*,CCTCTA,T,.,.,.,.,.,.,.,.,.,.,.,.,.,*,A,T,CA,T,A,T,A,C,T,C,*,GCAA,G,*,.,.,.,.,.,T,.,.,.,GT,TC,C,.,.,.,.,.,ATTTTTGCTTTTATTTTCTTTCTT,*
 , ,.,.,.,-,-,-,-,-,.,.,.,.,.,.,.,.,.,.,.,.,.,-,-,-,-,-,-,-,-,-,-,-,-,-,-,-,.,.,.,.,.,-,.,.,.,-,-,-,.,.,.,.,.,-,-

ERGLU,SL446865,G,T,*,*,A,*,*,*,*,*,T,*,*,AAA,A,*,*,G,G,C,*,*,*,*,*,*,*,*,*,*,*,*,GGAACT,*,*,*,*,*,*,*,*,*,*,*,*,*,*,*,TCTTATAAATAG,*,*,*,*,ATTTTGGCTTTTATTTCCTTTCTT,C
 , ,-,-,-,-,-,-,-,-,-,-,-,-,-,-,-,-,-,-,-,-,-,-,-,-,-,-,-,-,-,-,-,-,-,-,-,-,-,-,-,-,-,-,-,-,-,-,-,-,-,-,-,-,-,-,-

Inca x Contact,SL446897,G,T,*,*,A,*,*,*,*,*,T,*,*,AAA,A,*,*,G,G,C,*,*,*,*,*,*,*,*,*,*,*,*,GGAACT,*,*,*,*,*,*,*,*,*,*,*,*,*,*,*,TCTTATAAATAG,*,*,*,*,ATTTTGGCTTTTATTTCCTTTCTT,C
 , ,-,-,-,-,-,-,-,-,-,-,-,-,-,-,-,-,-,-,-,-,-,-,-,-,-,-,-,-,-,-,-,-,-,-,-,-,-,-,-,-,-,-,-,-,-,-,-,-,-,-,-,-,-,-,-

KAROO-057DH,SL446858,.,.,.,.,*,*,CCTCTA,T,.,.,.,.,*,*,*,*,*,*,.,.,.,*,A,T,CA,T,A,T,A,C,T,C,*,GCAA,G,*,.,.,.,.,.,*,.,.,.,GT,*,*,.,.,.,.,.,ATTTTTGCTTTTATTTTCTTTCTT,*
 , ,.,.,.,.,-,-,-,-,.,.,.,.,-,-,-,-,-,-,.,.,.,-,-,-,-,-,-,-,-,-,-,-,-,-,-,-,.,.,.,.,.,T,.,.,.,-,TC,C,.,.,.,.,.,-,-

Castille,SL446889,*,*,*,*,*,*,*,*,*,*,*,*,*,*,*,*,*,*,*,*,*,*,*,*,*,*,*,*,*,*,*,*,*,*,*,*,*,*,*,*,*,*,*,*,*,*,*,*,*,*,*,*,*,*,*
 , ,-,-,-,-,-,-,-,-,-,-,-,-,-,-,-,-,-,-,-,-,-,-,-,T,CA,T,A,T,A,-,T,C,-,-,-,-,-,-,-,-,-,-,-,-,-,-,-,-,-,-,-,-,-,ATTTTTGCTTTTATTTTCTTTCTT,-

Canard,SL446832,*,*,*,*,*,*,*,*,*,*,*,*,*,*,*,*,*,*,*,*,*,*,*,*,*,*,*,*,*,*,*,*,*,*,*,*,*,*,*,*,*,*,*,*,*,*,*,*,TCTTATAAATAG,*,*,*,*,*,*
 , ,-,-,-,-,-,-,-,-,-,-,-,-,-,-,-,-,-,-,-,-,-,-,-,-,-,-,-,-,-,-,-,-,-,-,-,-,-,-,-,-,-,-,-,-,-,-,-,-,-,-,-,-,-,-,-

Zhouyou,SL446852,.,.,*,*,*,*,*,*,.,.,.,.,.,.,.,.,.,.,.,.,*,*,*,T,CA,T,A,T,A,C,T,C,*,GCAA,*,GAAAAAATAAGAAATTTGTA,*,*,*,*,*,*,*,*,*,GT,TC,C,.,.,.,.,.,ATTTTTGCTTTTATTTTCTTTCTT,*
 , ,.,.,-,-,-,-,CCTCTA,T,.,.,.,.,.,.,.,.,.,.,.,.,-,-,A,-,-,-,-,-,-,-,-,-,-,-,G,-,-,-,-,-,-,T,G,-,-,-,-,-,.,.,.,.,.,-,-

STELLAR DH,SL446854,G,T,*,*,A,*,*,*,*,*,T,*,*,AAA,A,*,*,G,G,C,*,*,*,*,*,*,*,*,*,*,*,*,GGAACT,*,*,*,*,*,*,*,*,*,*,*,*,*,*,*,TCTTATAAATAG,*,*,*,*,ATTTTGGCTTTTATTTCCTTTCTT,C
 , ,-,-,-,-,-,-,-,-,-,-,-,-,-,-,-,-,-,-,-,-,-,-,-,-,-,-,-,-,-,-,-,-,-,-,-,-,-,-,-,-,-,-,-,-,-,-,-,-,-,-,-,-,-,-,-

CRESOR,SL446856,*,*,*,*,*,*,*,*,*,*,*,*,*,*,*,*,*,*,*,*,*,*,*,*,*,*,*,*,*,*,*,*,*,*,*,*,*,*,*,*,*,*,*,*,*,*,*,*,TCTTATAAATAG,*,*,*,*,*,*
 , ,G,T,-,-,A,-,-,-,-,-,T,-,-,AAA,A,-,-,G,G,C,-,-,-,-,-,-,-,-,-,-,-,-,GGAACT,-,-,-,-,-,-,-,-,-,-,-,-,-,-,-,-,-,-,-,-,ATTTTGGCTTTTATTTCCTTTCTT,C

N01D-1330,SL446860,*,*,*,*,*,*,*,*,*,*,*,*,*,*,*,*,*,*,*,*,*,*,*,*,*,*,*,*,*,*,*,*,*,*,*,*,*,*,*,*,*,*,*,*,*,*,*,*,TCTTATAAATAG,*,*,*,*,*,*
 , ,G,T,-,-,A,-,-,-,-,-,T,-,-,AAA,A,-,-,G,G,C,-,-,-,-,-,-,-,-,-,-,-,-,GGAACT,-,-,-,-,-,-,-,-,-,-,-,-,-,-,-,-,-,-,-,-,ATTTTGGCTTTTATTTCCTTTCTT,C

CUBS ROOT,SL446864,.,.,.,*,*,*,CCTCTA,T,.,.,.,.,.,.,.,.,.,.,.,.,.,*,A,T,CA,T,A,T,A,C,T,C,*,GCAA,G,GAAAAAATAAGAAATTTGTA,.,.,.,.,*,.,.,*,*,*,*,C,.,.,.,.,.,.,.
 , ,.,.,.,-,-,-,-,-,.,.,.,.,.,.,.,.,.,.,.,.,.,-,-,-,-,-,-,-,-,-,-,-,-,-,-,-,.,.,.,.,-,.,.,-,-,GT,TC,-,.,.,.,.,.,.,.

Bienvenu,SL446809,*,*,*,*,*,*,*,*,*,*,*,*,*,*,*,*,*,*,*,*,*,*,*,*,*,*,*,*,*,*,*,*,*,*,*,*,*,*,*,*,*,*,*,*,*,*,*,*,*,*,*,*,*,*,*
 , ,-,-,-,-,-,-,-,-,-,-,-,-,-,-,-,-,-,-,-,-,-,-,-,-,-,-,-,-,-,-,-,-,-,-,-,-,-,-,-,-,-,-,-,-,-,-,-,-,-,-,-,-,-,-,-

Abukame Natane,SL446846,*,*,*,*,*,*,*,*,*,*,*,*,*,*,*,*,*,*,*,*,*,*,*,*,*,*,*,*,*,*,*,*,*,*,*,*,*,*,*,*,*,*,*,*,*,*,*,*,TCTTATAAATAG,*,*,*,*,*,*
 , ,-,-,-,-,-,-,-,-,-,-,-,-,-,-,-,-,-,-,-,-,-,-,-,-,-,-,-,-,-,-,-,-,-,-,-,-,-,-,-,-,-,-,-,-,-,-,-,-,-,-,-,-,-,-,-

HELIOS,SL446866,*,*,*,*,*,*,*,*,*,*,*,T,*,*,*,*,*,*,*,*,*,*,*,*,*,*,*,*,*,*,*,*,*,*,*,*,*,*,*,*,*,T,*,T,*,*,*,*,TCTTATAAATAG,*,T,*,C,ATTTTCGCTTTTATTTCCTTTCTT,C
 , ,-,-,-,-,-,-,-,-,-,-,-,-,-,-,-,-,-,-,-,-,-,-,-,-,-,-,-,-,-,-,-,-,-,-,-,-,-,-,-,-,-,-,-,-,-,-,-,-,-,-,-,-,-,-,-

Liho,SL446870,G,T,*,*,A,*,*,*,*,*,T,*,*,AAA,A,*,*,G,G,C,*,*,*,*,*,*,*,*,*,*,*,*,GGAACT,*,*,*,*,*,*,*,*,*,*,*,*,*,*,*,TCTTATAAATAG,*,*,*,*,ATTTTGGCTTTTATTTCCTTTCTT,C
 , ,-,-,-,-,-,-,-,-,-,-,-,-,-,-,-,-,-,-,-,-,-,-,-,-,-,-,-,-,-,-,-,-,-,-,-,-,-,-,-,-,-,-,-,-,-,-,-,-,-,-,-,-,-,-,-

Bronowski,SL446871,*,*,*,*,*,*,*,*,*,*,*,T,*,*,*,*,*,*,*,*,*,*,*,*,*,*,*,*,*,*,*,*,*,*,*,*,*,*,*,*,*,T,*,T,*,*,*,*,TCTTATAAATAG,*,T,*,C,ATTTTCGCTTTTATTTCCTTTCTT,C
 , ,-,-,-,-,-,-,-,-,-,-,-,-,-,-,-,-,-,-,-,-,-,-,-,-,-,-,-,-,-,-,-,-,-,-,-,-,-,-,-,-,-,-,-,-,-,-,-,-,-,-,-,-,-,-,-

SENSATION NZ,SL446881,*,*,*,*,*,*,*,*,*,*,*,*,*,*,*,*,*,*,*,*,*,*,*,*,*,*,*,*,*,*,*,*,*,*,*,*,*,*,*,*,*,*,*,*,*,*,*,*,TCTTATAAATAG,*,*,*,*,*,*
 , ,-,-,-,-,-,-,-,-,-,-,-,-,-,-,-,-,-,-,-,-,-,-,-,-,-,-,-,-,-,-,T,C,-,-,-,-,-,-,-,-,-,-,-,-,-,-,-,-,-,-,-,-,-,-,-

Lesira,SL446816,*,*,*,*,*,*,*,*,*,*,*,*,*,*,*,*,*,*,*,*,*,*,*,*,*,*,*,*,*,*,*,*,*,*,*,*,*,*,*,*,*,*,*,*,*,*,*,*,TCTTATAAATAG,*,*,*,*,*,*
 , ,-,-,-,-,-,-,-,-,-,-,-,-,-,-,-,-,-,-,-,-,-,-,-,-,-,-,-,-,-,-,T,C,-,-,-,-,-,-,-,-,-,-,-,-,-,-,-,-,-,-,-,-,-,-,-

Altasweet,SL446882,G,T,*,*,A,*,*,*,*,*,T,*,*,AAA,A,*,*,G,G,C,*,*,*,*,*,*,*,*,*,*,*,*,*,*,*,*,*,*,*,*,*,*,*,*,*,*,*,*,TCTTATAAATAG,*,*,*,*,*,*
 , ,-,-,-,-,-,-,-,-,-,-,-,-,-,-,-,-,-,-,-,-,-,-,-,-,-,-,-,-,-,-,T,C,GGAACT,GCAA,-,-,-,-,-,-,-,-,-,-,-,-,-,-,-,-,-,-,-,-,-

Duplo,SL446874,*,*,*,*,*,*,*,*,*,*,*,T,*,*,*,*,*,*,*,*,*,*,*,*,*,*,*,*,*,*,*,*,*,*,*,*,*,*,*,*,*,T,*,T,*,*,*,*,TCTTATAAATAG,*,T,*,C,ATTTTCGCTTTTATTTCCTTTCTT,C
 , ,-,-,-,-,-,-,-,-,-,-,-,-,-,-,-,-,-,-,-,-,-,-,-,-,-,-,-,-,-,-,-,-,-,-,-,-,-,-,-,-,-,-,-,-,-,-,-,-,-,-,-,-,-,-,-

Willi,SL446877,*,*,*,*,*,*,*,*,*,*,*,T,*,*,*,*,*,*,*,*,*,*,*,*,*,*,*,*,*,*,*,*,*,*,*,*,*,*,*,*,*,T,*,T,*,*,*,*,TCTTATAAATAG,*,T,*,C,ATTTTCGCTTTTATTTCCTTTCTT,C
 , ,-,-,-,-,-,-,-,-,-,-,-,-,-,-,-,-,-,-,-,-,-,-,-,-,-,-,-,-,-,-,-,-,-,-,-,-,-,-,-,-,-,-,-,-,-,-,-,-,-,-,-,-,-,-,-

VIGE DH1,SL446878,G,T,*,*,A,*,*,*,*,*,T,*,*,AAA,A,*,*,G,G,C,*,*,*,*,*,*,*,*,*,*,*,*,*,*,*,*,*,*,*,*,*,*,*,*,*,*,*,*,TCTTATAAATAG,*,*,*,*,*,*
 , ,-,-,-,-,-,-,-,-,-,-,-,-,-,-,-,-,-,-,-,-,-,-,-,-,-,-,-,-,-,-,T,C,GGAACT,-,-,-,-,-,-,-,-,-,-,-,-,-,-,-,-,-,-,-,-,-,-

Shengliyoucai,SL446903,*,*,*,*,*,*,*,*,*,*,*,T,*,*,*,*,*,*,*,*,*,*,*,*,*,*,*,*,*,*,*,*,*,*,*,*,*,*,*,*,*,T,*,T,*,*,*,*,TCTTATAAATAG,*,T,*,C,ATTTTCGCTTTTATTTCCTTTCTT,*
 , ,-,-,-,-,-,-,-,-,-,-,-,-,-,-,-,-,-,-,-,-,-,-,-,T,CA,T,A,T,-,-,T,C,-,GCAA,G,-,-,-,-,-,-,-,-,-,-,GT,TC,C,-,-,-,-,-,ATTTTTGCTTTTATTTTCTTTCTT,C

HUGUENOT,SL446880,*,*,*,*,*,*,*,*,*,*,*,*,*,*,*,*,*,*,*,*,*,*,*,*,*,*,*,*,*,*,*,*,*,*,*,*,*,*,*,*,*,*,*,*,*,*,*,*,TCTTATAAATAG,*,*,*,*,*,*
 , ,G,T,-,-,A,-,-,-,-,-,T,-,-,AAA,A,-,-,G,G,C,-,-,-,-,-,-,-,-,-,-,T,-,GGAACT,-,-,-,-,-,-,-,-,-,-,-,-,-,-,-,-,-,-,-,-,-,-

Matador,SL446828,*,*,*,*,*,*,*,*,*,*,*,*,*,*,*,*,*,*,*,*,*,*,*,*,*,*,*,*,*,*,*,*,*,*,*,*,*,*,*,*,*,*,*,*,*,*,*,*,TCTTATAAATAG,*,*,*,*,*,*
 , ,-,-,-,-,-,-,-,-,-,-,-,-,-,-,-,-,-,-,-,-,-,-,-,-,-,-,-,-,-,-,-,-,-,-,-,-,-,-,-,-,-,-,-,-,-,-,-,-,-,-,-,-,-,-,-

Cabernet,SL446886,G,T,*,*,A,*,*,*,*,*,T,*,*,AAA,A,*,*,G,G,C,*,*,*,*,*,*,*,*,*,*,*,*,GGAACT,*,*,*,*,*,*,*,*,*,*,*,*,*,*,*,TCTTATAAATAG,*,*,*,*,*,*
 , ,-,-,-,-,-,-,-,-,-,-,-,-,-,-,-,-,-,-,-,-,-,-,-,-,-,-,-,-,-,-,-,-,-,-,-,-,-,-,-,-,-,-,-,-,-,-,-,-,-,-,-,-,-,-,-

Catana,SL446890,.,.,.,*,*,*,CCTCTA,T,.,.,.,.,.,.,.,.,.,.,.,.,.,*,A,T,CA,T,A,T,A,C,T,C,*,GCAA,G,GAAAAAATAAGAAATTTGTA,.,.,.,.,GTAAAAAATTTG,.,G,*,.,GT,TC,C,.,.,.,.,.,ATTTTTGCTTTTATTTTCTTTCTT,*
 , ,.,.,.,-,-,-,-,-,.,.,.,.,.,.,.,.,.,.,.,.,.,-,-,-,-,-,-,-,-,-,-,-,-,-,-,-,.,.,.,.,-,.,-,-,.,-,-,-,.,.,.,.,.,-,-

Quinta,SL446901,*,*,*,*,*,*,*,*,*,*,*,*,*,*,*,*,*,*,*,*,*,*,*,*,*,*,*,*,*,*,*,*,*,*,*,*,*,*,*,*,*,*,*,*,*,*,*,*,TCTTATAAATAG,*,*,*,*,*,*
 , ,-,-,-,-,-,-,-,-,-,-,-,-,-,-,-,-,-,-,-,-,-,-,-,-,-,-,-,-,-,-,-,-,-,-,-,-,-,-,-,-,-,-,-,-,-,-,-,-,-,-,-,-,-,-,-

Dimension,SL446892,*,*,*,*,*,*,*,*,*,*,*,*,*,*,*,*,*,*,*,*,*,*,*,*,*,*,*,*,*,*,*,*,*,*,*,*,*,*,*,*,*,*,*,*,*,*,*,*,TCTTATAAATAG,*,*,*,*,*,*
 , ,-,-,-,-,-,-,-,-,-,-,-,-,-,-,-,-,-,-,-,-,-,-,-,-,-,-,-,-,-,-,-,-,-,-,-,-,-,-,-,-,-,-,-,-,-,-,-,-,-,-,-,-,-,-,-

