 , ,LK031874,LK031874,LK031874,LK031874,LK031874,LK031874,LK031874,LK031874,LK031874,LK031874,LK031874,LK031874,LK031874,LK031874
POS, ,1035505,1035545,1035581,1035590,1035598,1035607,1035685,1035773,1035795,1035826,1035853,1035870,1035881,1035998
TYPE, ,snp,snp,snp,del,snp,snp,snp,ins,del,ins,complex;complex,snp,snp,snp
REF, ,T,C,C,CAAAACG,C,G,T,AATA,TAAAAAAGGC,ACA,CGGG,GAT,GG,G

Xiangyou 15,SL446907,.,.,.,.,*,*,*,*,*,*,*,*,*,*
 , ,.,.,.,.,-,-,-,-,-,-,-,-,-,-

Temple,SL446904,.,.,.,*,*,*,*,*,*,*,*,*,*,*
 , ,.,.,.,-,-,-,-,-,-,-,-,-,-,-

Rocket,SL446902,.,.,.,.,*,*,*,*,*,*,*,*,*,*
 , ,.,.,.,.,-,-,-,-,-,-,-,-,-,-

Palmedor,SL446899,A,T,A,CAAACG,T,A,C,AATATA,TAAAAAGGC,ATATTATTTCA,CAGAA,AAT,GT,*
 , ,-,-,-,-,-,-,-,-,-,-,-,-,-,-

Huron x Navajo,SL446896,.,.,*,*,*,*,*,*,*,*,*,*,*,*
 , ,.,.,-,-,-,-,-,-,-,-,-,-,-,-

Couve Nabica,SL446842,.,.,.,.,.,.,.,.,.,.,.,.,.,.
 , ,.,.,.,.,.,.,.,.,.,.,.,.,.,.

Cabriolet,SL446888,.,.,*,*,*,*,*,*,*,*,*,*,*,*
 , ,.,.,-,-,-,-,-,-,-,-,-,-,-,-

Taisetsu,SL446837,.,.,.,.,.,.,*,*,*,*,*,*,*,*
 , ,.,.,.,.,.,.,-,-,-,-,-,-,-,-

Tribune,SL446876,.,.,.,.,.,.,.,.,.,*,*,*,*,*
 , ,.,.,.,.,.,.,.,.,.,-,CAGA,-,GT,-

"POH 285, Bolko",SL446900,.,.,.,.,.,.,*,*,*,*,*,*,*,*
 , ,.,.,.,.,.,.,-,-,-,-,-,-,-,-

English Giant,SL446836,.,.,.,.,.,.,.,*,*,*,*,*,*,*
 , ,.,.,.,.,.,.,.,-,-,-,-,-,-,-

Zhongshuang II,SL446908,.,.,.,.,.,.,C,AATATA,TAAAAAGGC,ATATTATTTCA,CAGAA,AAT,GT,T
 , ,.,.,.,.,.,.,-,-,-,-,-,-,-,-

Topas,SL446875,.,.,.,.,.,.,*,*,*,*,*,*,*,*
 , ,.,.,.,.,.,.,-,-,-,-,-,-,-,-

Vision,SL446905,.,.,.,*,*,*,*,*,*,*,*,*,*,*
 , ,.,.,.,-,-,-,-,-,-,-,-,-,-,-

Ragged Jack,SL446843,.,.,.,.,.,.,.,.,TAAAAAGGC,ATATTATTTCA,CAGAA,AAT,GT,*
 , ,.,.,.,.,.,.,.,.,-,-,-,-,-,-

Ningyou 7,SL446898,.,*,A,*,T,A,C,AATATA,TAAAAAGGC,*,CAGA,*,GT,*
 , ,.,-,-,-,-,-,-,-,-,-,-,-,-,-

Chembre Dzagumhana,SL446841,.,.,.,.,.,.,*,*,*,*,*,*,*,*
 , ,.,.,.,.,.,.,-,-,-,-,-,-,-,-

Q100,SL446838,.,.,.,.,.,.,*,*,*,*,*,*,*,*
 , ,.,.,.,.,.,.,-,-,-,-,-,-,-,-

Dippes,SL446826,.,.,.,.,.,.,*,*,*,*,*,*,*,*
 , ,.,.,.,.,.,.,-,-,-,-,-,-,-,-

Slovenska Krajova,SL446831,.,*,*,*,*,*,*,*,*,*,*,*,*,*
 , ,.,-,-,-,-,-,-,-,-,-,-,-,-,-

Coriander,SL446825,.,.,.,.,.,.,*,*,*,*,*,*,*,*
 , ,.,.,.,.,.,.,-,-,-,ATATTATTTCA,CAGAA,AAT,GT,T

Aphid Resistant rape,SL446834,.,.,*,*,*,*,*,*,*,*,*,*,*,*
 , ,.,.,-,-,-,-,-,-,-,-,-,-,-,-

KARAT,SL446857,.,*,*,*,*,*,*,*,*,*,*,*,*,*
 , ,.,T,A,CAAACG,T,A,C,AATATA,TAAAAAGGC,ATATTATTTCA,CAGAA,AAT,GT,-

YORK,SL446887,.,.,.,.,.,.,.,.,.,.,.,.,.,.
 , ,.,.,.,.,.,.,.,.,.,.,.,.,.,.

RAFAL DH1,SL446813,.,.,.,.,.,.,*,*,*,*,*,*,*,*
 , ,.,.,.,.,.,.,-,-,-,-,-,-,-,-

Eurol,SL446815,*,*,*,*,*,*,*,*,*,*,*,*,*,*
 , ,-,-,-,-,-,-,-,-,-,-,-,-,-,-

Brauner schnittkohl,SL446839,.,.,.,.,.,.,*,*,*,*,*,*,*,*
 , ,.,.,.,.,.,.,-,-,-,-,-,-,-,-

WESTAR DH,SL446855,.,.,.,.,.,A,C,AATATA,TAAAAAGGC,ATATTATTTCA,CAGAA,AAT,GT,T
 , ,.,.,.,.,.,-,-,-,-,-,-,-,-,-

WEIHENSTEPHANER,SL446869,.,.,.,CAAACG,T,A,C,AATATA,TAAAAAGGC,ATATTATTTCA,CAGAA,AAT,GT,T
 , ,.,.,.,-,-,-,-,-,-,-,-,-,-,-

Kromerska,SL446827,.,.,.,.,.,*,*,*,*,*,*,*,*,*
 , ,.,.,.,.,.,-,-,-,-,-,-,-,-,-

Drakkar,SL446853,.,*,*,*,*,*,.,*,*,*,*,*,*,*
 , ,.,-,-,-,-,-,.,-,-,-,-,-,-,-

Excalibur,SL446893,.,.,.,.,.,.,*,*,*,*,*,*,*,*
 , ,.,.,.,.,.,.,C,AATATA,TAAAAAGGC,ATATTATTTCA,CAGAA,AAT,GT,-

CANBERRA x COURAGE DH LINE,SL446810,.,.,.,.,.,.,.,*,*,*,*,*,*,*
 , ,.,.,.,.,.,.,.,AATATA,TAAAAAGGC,ATATTATTTCA,CAGAA,AAT,GT,-

Chuanyou 2,SL446891,.,.,.,.,.,.,*,*,*,*,*,*,*,*
 , ,.,.,.,.,.,.,-,-,-,-,-,-,-,-

SHANNON x WINNER DH LINE,SL446819,.,.,*,*,*,*,*,*,*,*,*,*,*,*
 , ,.,.,-,-,-,-,-,-,-,-,-,-,-,-

Dwarf Essex,SL446835,.,.,.,.,.,.,.,*,*,*,*,*,*,*
 , ,.,.,.,.,.,.,.,-,-,-,-,-,-,-

Wilhelmsburger; Reform,SL446885,.,.,.,.,.,.,.,.,.,.,.,.,.,.
 , ,.,.,.,.,.,.,.,.,.,.,.,.,.,.

N02D-1952,SL446861,.,.,.,.,.,.,.,AATATA,TAAAAAGGC,ATATTATTTCA,CAGAA,AAT,GT,T
 , ,.,.,.,.,.,.,.,-,-,-,-,-,-,-

APEX-93_5 X GINYOU_3 DH LINE,SL446808,.,.,.,.,.,.,C,AATATA,TAAAAAGGC,ATATTATTTCA,CAGAA,AAT,GT,T
 , ,.,.,.,.,.,.,-,-,-,-,CAGA,-,-,-

LEMBKES MALCHOWER (LENORA),SL446821,.,.,.,.,.,.,*,*,*,*,*,*,*,*
 , ,.,.,.,.,.,.,-,-,-,-,-,-,-,-

Flash,SL446894,.,.,.,.,.,.,*,*,*,*,*,*,*,*
 , ,.,.,.,.,.,.,-,-,-,-,-,-,-,-

SURPASS400-024DH,SL446863,.,.,.,.,.,.,.,*,*,*,*,*,*,*
 , ,.,.,.,.,.,.,.,-,-,-,-,-,-,-

Samourai,SL446823,.,.,.,.,.,.,.,.,.,*,*,*,*,*
 , ,.,.,.,.,.,.,.,.,.,-,-,-,-,-

Ceska Krajova,SL446872,.,.,.,.,.,.,*,*,*,*,*,*,*,*
 , ,.,.,.,.,.,.,-,-,-,-,-,-,-,-

LICROWN X EXPRESS DH LINE,SL446817,.,.,.,.,.,.,*,*,*,*,*,*,*,*
 , ,.,.,.,.,.,.,-,-,-,-,-,-,-,-

MAZOWIECKI,SL446867,.,.,.,.,.,.,.,*,*,*,*,*,*,*
 , ,.,.,.,.,.,.,.,-,TAAAAAGGC,-,-,-,-,-

MADRIGAL x RECITAL DH LINE,SL446812,.,.,.,.,.,.,.,*,*,*,*,*,*,*
 , ,.,.,.,.,.,.,.,-,-,-,-,-,-,-

Norin,SL446822,.,.,*,*,*,*,*,*,*,*,*,*,*,*
 , ,.,.,-,-,-,-,-,-,-,-,-,-,-,-

TAPIDOR DH,SL446814,.,*,*,*,*,*,*,*,*,*,*,*,*,*
 , ,.,-,-,-,-,-,-,-,-,-,-,-,-,-

Slapska Slapy,SL446845,.,.,.,.,.,.,*,*,*,*,*,*,*,*
 , ,.,.,.,.,.,.,-,-,-,-,-,-,-,-

Tina,SL446883,.,.,.,.,.,.,.,.,.,.,.,.,.,.
 , ,.,.,.,.,.,.,.,.,.,.,.,.,.,.

Moana rape,SL446833,.,.,.,.,.,.,*,*,*,*,*,*,*,*
 , ,.,.,.,.,.,.,-,-,-,-,-,-,-,-

HANSEN X GASPARD DH LINE,SL446811,.,.,.,.,*,*,*,*,*,*,*,*,*,*
 , ,.,.,.,.,-,-,-,-,-,-,-,-,-,-

Baltia,SL446824,.,.,.,.,.,.,*,*,*,*,*,*,*,*
 , ,.,.,.,.,.,.,-,-,-,-,-,-,-,-

TANTAL,SL446868,.,.,*,.,.,.,*,*,*,*,*,*,*,*
 , ,.,.,A,.,.,.,-,-,-,-,-,-,-,-

Siberische boerenkool,SL446844,.,.,.,.,.,.,.,.,.,*,*,*,*,*
 , ,.,.,.,.,.,.,.,.,.,-,-,-,-,-

JAUNE A COLLET VERT,SL446879,.,.,.,.,.,.,*,*,*,*,*,*,*,*
 , ,.,.,.,.,.,.,-,-,-,-,-,-,-,-

GROENE GRONINGER SNIJMOES,SL446847,.,.,.,.,.,.,*,*,*,*,*,*,*,*
 , ,.,.,.,.,.,.,-,-,-,-,-,-,-,-

JANETZKIS SCHLESISCHER,SL446820,.,.,*,*,*,*,*,*,*,*,*,*,*,*
 , ,.,.,-,-,-,-,-,-,-,-,-,-,-,-

MONTY-028DH,SL446859,.,T,.,.,.,A,C,AATATA,TAAAAAGGC,ATATTATTTCA,CAGAA,AAT,GT,T
 , ,.,-,.,.,.,-,-,-,-,-,-,-,-,-

RAPID CYCLING RAPE (CrGC5),SL446848,.,.,.,.,*,*,*,*,*,*,*,*,*,*
 , ,.,.,.,.,-,-,-,-,-,-,-,-,-,-

SWU Chinese 1,SL446849,.,*,*,*,*,*,*,*,*,*,*,*,*,*
 , ,.,-,-,-,-,-,-,-,-,-,-,-,-,-

Ramses,SL446830,.,.,.,.,.,.,*,*,*,*,*,*,*,*
 , ,.,.,.,.,.,.,-,-,-,-,-,-,-,-

SWU Chinese 2,SL446850,.,.,.,.,.,.,.,AATATA,TAAAAAGGC,ATATTATTTCA,CAGAA,AAT,GT,T
 , ,.,.,.,.,.,.,.,-,-,-,CAGA,-,-,-

ERGLU,SL446865,.,.,.,.,.,.,C,AATATA,TAAAAAGGC,ATATTATTTCA,CAGAA,AAT,GT,*
 , ,.,.,.,.,.,.,-,-,-,-,-,-,-,-

Inca x Contact,SL446897,.,*,*,*,*,*,*,*,*,*,*,*,*,*
 , ,.,-,-,-,-,-,-,-,-,-,-,-,-,-

KAROO-057DH,SL446858,.,.,.,.,.,.,C,AATATA,TAAAAAGGC,ATATTATTTCA,CAGAA,AAT,GT,T
 , ,.,.,.,.,.,.,-,-,-,-,-,-,-,-

Castille,SL446889,.,.,*,*,*,*,*,*,*,*,*,*,*,*
 , ,.,.,-,-,T,-,-,-,-,-,-,-,-,-

Canard,SL446832,.,.,*,*,*,*,*,*,*,*,*,*,*,*
 , ,.,.,-,-,-,-,-,-,-,-,-,-,-,-

Zhouyou,SL446852,.,.,.,.,.,.,*,*,*,*,*,*,*,*
 , ,.,.,.,.,.,.,-,-,-,-,-,-,-,-

STELLAR DH,SL446854,.,.,.,.,.,.,.,AATATA,TAAAAAGGC,ATATTATTTCA,CAGAA,AAT,GT,T
 , ,.,.,.,.,.,.,.,-,-,-,-,-,-,-

CRESOR,SL446856,.,.,.,.,.,.,*,*,*,*,*,*,*,*
 , ,.,.,.,.,.,.,-,-,-,-,-,-,-,-

N01D-1330,SL446860,.,.,*,*,*,*,*,*,*,*,*,*,*,*
 , ,.,.,A,CAAACG,T,A,C,AATATA,TAAAAAGGC,ATATTATTTCA,CAGAA,AAT,GT,T

CUBS ROOT,SL446864,.,.,.,.,.,.,*,*,*,*,*,*,*,*
 , ,.,.,.,.,.,.,-,-,-,-,-,-,-,-

Bienvenu,SL446809,.,.,.,.,.,.,*,*,*,*,*,*,*,*
 , ,.,.,.,.,.,.,-,-,-,-,-,-,-,-

Abukame Natane,SL446846,.,.,.,.,.,*,*,*,*,*,*,*,*,*
 , ,.,.,.,.,.,-,-,-,-,-,-,-,-,-

HELIOS,SL446866,.,.,.,.,.,.,*,*,*,*,*,*,*,*
 , ,.,.,.,.,.,.,-,-,-,-,-,-,-,-

Liho,SL446870,.,.,.,.,.,.,*,*,*,*,*,*,*,*
 , ,.,.,.,.,.,.,-,-,-,-,-,-,-,-

Bronowski,SL446871,.,.,.,.,*,*,*,*,*,*,CAGAA,AAT,*,*
 , ,.,.,.,.,T,A,C,AATATA,TAAAAAGGC,ATATTATTTCA,-,-,GT,-

SENSATION NZ,SL446881,.,.,.,.,.,.,.,.,.,*,*,*,*,*
 , ,.,.,.,.,.,.,.,.,.,-,-,-,-,-

Lesira,SL446816,.,.,.,.,.,.,.,*,*,*,*,*,*,*
 , ,.,.,.,.,.,.,.,-,-,-,-,-,-,-

Altasweet,SL446882,.,.,.,.,.,.,.,.,.,.,.,.,.,.
 , ,.,.,.,.,.,.,.,.,.,.,.,.,.,.

Duplo,SL446874,.,.,.,.,.,.,C,AATATA,TAAAAAGGC,ATATTATTTCA,CAGAA,AAT,GT,*
 , ,.,.,.,.,.,.,-,-,-,-,-,-,-,-

Willi,SL446877,.,.,.,.,.,.,*,*,*,*,*,*,*,*
 , ,.,.,.,.,.,.,-,-,-,-,-,-,-,-

VIGE DH1,SL446878,.,.,.,.,.,.,.,.,.,.,.,.,.,.
 , ,.,.,.,.,.,.,.,.,.,.,.,.,.,.

Shengliyoucai,SL446903,.,.,.,.,.,.,C,AATATA,TAAAAAGGC,ATATTATTTCA,CAGAA,AAT,GT,T
 , ,.,.,.,.,.,.,-,-,-,-,-,-,-,-

HUGUENOT,SL446880,.,.,.,.,.,.,*,*,*,*,*,*,*,*
 , ,.,.,.,.,.,.,-,-,-,-,-,-,-,-

Matador,SL446828,.,.,.,.,*,*,*,*,*,*,*,*,*,*
 , ,.,.,.,.,-,-,-,-,-,-,-,-,-,-

Cabernet,SL446886,.,.,.,.,.,.,.,.,.,.,.,.,.,.
 , ,.,.,.,.,.,.,.,.,.,.,.,.,.,.

Catana,SL446890,.,.,.,.,.,.,C,AATATA,TAAAAAGGC,ATATTATTTCA,CAGAA,AAT,GT,*
 , ,.,.,.,.,.,.,-,-,-,-,-,-,-,-

Quinta,SL446901,.,.,.,.,.,.,*,.,*,*,*,*,*,*
 , ,.,.,.,.,.,.,-,.,-,-,-,-,-,-

Dimension,SL446892,.,.,.,.,.,.,*,*,*,*,*,*,*,*
 , ,.,.,.,.,.,.,-,-,-,-,-,-,-,-

