 , ,LK034387,LK034387,LK034387,LK034387,LK034387,LK034387,LK034387,LK034387,LK034387,LK034387,LK034387,LK034387,LK034387,LK034387,LK034387,LK034387,LK034387,LK034387,LK034387,LK034387,LK034387,LK034387,LK034387,LK034387,LK034387,LK034387,LK034387,LK034387,LK034387,LK034387,LK034387,LK034387,LK034387,LK034387,LK034387,LK034387,LK034387,LK034387,LK034387,LK034387,LK034387,LK034387,LK034387,LK034387,LK034387,LK034387,LK034387,LK034387,LK034387,LK034387,LK034387,LK034387,LK034387
POS, ,9603,9625,9631,9654,9659,9836,9855,9898,9903,9914,9942,9972,9974,10009,10031,10096,10099,10130,10135,10151,10273,10280,10283,10334,10373,10387,10390,10437,10517,10580,10618,10746,10763,10775,10800,10824,10830,10875,10883,10904,10973,10979,10988,11008,11053,11070,11077,11095,11130,11182,11238,11244,11271
TYPE, ,snp,snp,snp,snp,snp,snp,snp,snp,snp,snp,snp,mnp,snp,snp,snp,snp,snp,snp,snp,snp,snp,snp,del;del;del;del,snp,ins,snp,snp,snp,snp,complex,snp,snp,snp,complex,complex,snp;mnp,snp,snp,del;ins,snp,snp,snp,snp,complex,ins,snp,snp,snp,snp,complex,snp,snp,snp
REF, ,G,T,G,C,T,T,C,G,CTTTTTCCCA,A,T,AT,A,T,G,C,T,T,A,ATGTCTCTCTCTA,A,A,CAAAAAAAAAAGAAGGT,C,GTTTTTTGGTTTA,G,C,T,T,AAAG,A,T,G,GTTTTTGC,ATGTTGTT,GG,C,C,ATTTTTTTGTTGTTGA,C,A,C,A,CTGTG,ATTTTTTATATTG,A,ACCAT,C,T,CGAA,T,G,G

Xiangyou 15,SL446907,*,*,*,*,*,*,*,*,*,*,*,*,*,*,*,*,*,*,*,*,*,*,*,*,*,*,*,*,*,*,*,*,*,*,*,*,*,*,*,*,*,*,*,*,*,*,*,*,*,*,*,*,*
 , ,-,-,-,-,-,-,-,-,-,-,A,TA,-,-,A,-,C,-,-,-,-,-,-,-,-,-,-,-,-,-,-,-,-,-,-,-,-,-,-,-,-,-,-,-,-,-,-,-,-,-,-,-,-

Temple,SL446904,A,C,*,A,C,*,*,*,*,*,*,*,*,*,*,*,*,*,*,ACGTCTCTCTCTA,*,*,CAAAAAAAAAAGAGGT,*,*,*,*,*,*,*,*,*,*,*,*,AA,*,*,*,*,*,*,*,*,*,*,ACCAC,*,*,.,.,.,.
 , ,-,-,-,-,-,-,-,-,-,-,-,-,-,-,-,-,-,-,-,-,-,-,-,-,-,-,-,-,-,-,-,-,-,-,-,-,-,-,-,-,-,-,-,-,-,-,-,-,-,.,.,.,.

Rocket,SL446902,*,*,*,*,*,*,*,*,*,*,*,*,*,*,*,*,*,*,*,*,*,*,*,*,*,*,*,*,*,*,*,*,*,*,*,*,*,*,*,*,*,*,*,*,*,*,*,*,*,*,*,*,T
 , ,-,-,-,-,-,C,T,T,ATTTTTCCCA,-,A,TA,-,C,-,-,-,-,-,-,-,-,-,-,GTGTTTTTGGTTTA,-,-,C,C,GAAA,C,-,-,-,ATGTA,GA,T,-,ATTTTTTGTTGTTGA,T,-,-,C,CTATT,ATTTTTTTATATTG,-,ACCAC,T,A,TGAG,G,-,-

Palmedor,SL446899,A,C,*,A,C,*,*,*,*,*,*,*,*,*,*,*,*,*,*,ACGTCTCTCTCTA,*,*,CAAAAAAAAAAGAGGT,*,*,*,*,*,*,*,*,*,*,*,*,GA,*,*,*,*,*,*,*,*,*,*,ACCAC,*,*,*,.,.,.
 , ,-,-,-,-,-,C,T,T,ATTTTTCCCA,-,A,-,-,-,-,-,-,C,T,-,-,-,CAAAAAAAAAAGGT,-,-,-,A,C,C,GAAA,-,-,-,-,-,AA,T,-,ATTTTTTGTTGTTGA,T,-,T,C,-,-,-,-,-,-,TGAG,.,.,.

Huron x Navajo,SL446896,*,*,*,*,*,*,*,*,*,*,*,*,*,*,*,*,*,*,*,*,*,*,*,*,*,*,*,*,*,*,*,*,*,*,*,*,*,*,*,*,*,*,*,*,*,*,*,*,*,*,.,.,.
 , ,-,-,-,-,-,-,-,-,-,-,-,-,-,-,-,-,-,-,-,-,-,-,-,-,-,-,-,-,-,-,-,-,-,-,-,-,-,-,-,-,-,-,-,-,-,-,-,-,-,-,.,.,.

Couve Nabica,SL446842,A,C,*,A,C,*,*,*,*,*,*,*,*,*,*,*,*,C,T,ACGTCTCTCTCTA,*,*,CAAAAAAAAAAGGT,*,*,*,A,*,*,*,*,*,*,*,*,GA,*,*,*,*,*,T,*,*,*,*,ACCAC,.,.,*,.,*,*
 , ,-,-,-,-,-,-,-,-,-,-,A,TA,-,-,A,-,C,-,-,-,-,-,-,-,-,-,-,-,-,-,-,-,-,-,-,-,-,-,-,-,-,-,-,-,-,-,-,.,.,-,.,-,-

Cabriolet,SL446888,A,C,*,A,C,*,*,*,*,*,*,*,*,*,*,*,*,*,*,ACGTCTCTCTCTA,*,*,CAAAAAAAAAAGAGGT,*,*,*,*,*,*,*,*,*,*,*,*,AA,*,*,*,*,*,*,*,*,*,*,ACCAC,*,*,*,.,.,.
 , ,-,-,-,-,-,-,-,-,-,-,-,-,-,-,-,-,-,-,-,-,-,-,-,-,-,-,-,-,-,-,-,-,-,-,-,-,-,-,-,-,-,-,-,-,-,-,-,-,-,-,.,.,.

Taisetsu,SL446837,.,.,.,.,.,.,.,.,.,.,.,.,.,.,.,.,.,.,.,.,*,*,CAAAAAAAAAAGAGGT,*,*,*,*,*,*,*,*,*,*,.,.,.,.,.,.,.,.,.,.,.,.,.,.,.,.,.,.,.,.
 , ,.,.,.,.,.,.,.,.,.,.,.,.,.,.,.,.,.,.,.,.,-,-,-,-,-,-,-,-,-,-,-,-,-,.,.,.,.,.,.,.,.,.,.,.,.,.,.,.,.,.,.,.,.

Tribune,SL446876,*,*,*,*,*,*,*,*,*,*,*,*,*,*,*,*,*,*,*,*,*,*,*,*,*,*,*,*,*,*,*,*,*,*,*,*,*,*,*,*,*,*,*,*,.,.,.,.,.,.,.,.,.
 , ,-,-,-,-,-,-,-,-,-,-,-,-,-,-,-,-,-,-,-,-,-,-,-,-,-,-,-,-,-,-,-,-,-,-,-,-,-,-,-,-,-,-,-,-,.,.,.,.,.,.,.,.,.

"POH 285, Bolko",SL446900,*,*,*,*,*,*,*,*,*,*,*,*,*,*,*,*,*,*,*,*,*,*,*,*,*,*,*,*,*,*,*,*,*,*,*,*,*,*,*,*,*,*,*,*,*,*,*,*,*,*,.,.,.
 , ,-,-,-,-,-,-,-,-,-,-,-,-,-,-,-,-,-,-,-,-,-,-,-,-,-,-,-,-,-,-,-,-,-,-,-,-,-,-,-,-,-,-,-,-,-,-,-,-,-,-,.,.,.

English Giant,SL446836,A,C,*,A,C,*,*,*,*,*,*,*,*,*,*,*,*,*,*,ACGTCTCTCTCTA,*,*,CAAAAAAAAAAGAGGT,*,*,*,*,*,*,*,*,*,*,*,*,GA,*,*,*,*,*,*,*,*,*,*,ACCAC,*,.,.,.,.,.
 , ,-,-,-,-,-,C,T,T,ATTTTTCCCA,-,A,TA,-,C,-,-,-,-,-,-,-,-,-,-,-,-,-,C,C,GAAA,C,-,-,-,-,AA,T,-,ATTTTTTGTTGTTGA,T,-,-,C,-,ATTTTTTTATATTG,-,-,T,.,.,.,.,.

Zhongshuang II,SL446908,*,*,*,*,*,*,*,*,*,*,*,*,*,*,*,*,*,*,*,*,*,*,*,*,*,*,*,*,*,*,*,*,*,*,*,*,*,*,*,*,*,*,*,*,*,*,*,*,*,.,.,.,.
 , ,-,-,-,-,-,C,T,T,ATTTTTCCCA,-,A,TA,-,-,A,-,C,-,-,-,-,-,-,T,-,-,-,C,C,GAAA,-,-,-,-,-,GA,-,T,ATTTTTTGTTGTTGA,T,-,-,C,CTATT,ATTTTTTTATATTG,-,ACCAC,T,A,.,.,.,.

Topas,SL446875,.,.,.,.,.,C,T,T,ATTTTTCCCA,*,A,TA,*,*,*,*,*,*,T,*,.,.,.,T,GTGTTTTTGGTTTA,*,*,C,C,GAAA,C,C,*,GTTTTTTAC,ATGTA,GA,T,*,ATTTTTTGTTGTTGA,T,*,*,C,CTATT,ATTTTTTTATATTG,*,ACCAC,T,A,.,.,.,.
 , ,.,.,.,.,.,-,-,-,-,-,-,-,-,C,-,-,-,-,-,-,.,.,.,-,-,-,-,-,-,-,-,-,-,-,-,-,-,-,-,-,-,-,-,-,-,-,-,-,-,.,.,.,.

Vision,SL446905,*,*,*,*,*,*,*,*,*,*,*,*,*,*,*,*,*,*,*,*,*,*,*,*,*,*,*,*,*,*,*,*,*,*,*,*,*,*,*,*,*,*,*,*,*,*,*,*,*,*,.,.,.
 , ,A,C,-,A,C,-,-,-,-,-,-,-,-,-,-,-,-,-,-,ACGTCTCTCTCTA,-,-,CAAAAAAAAAAGAGGT,-,-,-,-,-,-,-,-,-,-,-,-,AA,-,-,-,-,-,-,-,-,-,-,ACCAC,-,-,-,.,.,.

Ragged Jack,SL446843,A,C,*,A,C,*,*,*,*,*,*,*,G,*,*,A,*,*,*,ACGTCTCTCTCTA,*,*,CAAAAAAAAAAGAGGT,*,*,*,*,*,*,*,*,*,*,*,*,GA,*,*,*,*,*,*,*,*,*,.,.,.,.,.,.,.,.
 , ,-,-,-,-,-,-,-,-,-,-,-,-,-,-,-,-,-,-,-,-,-,-,-,-,-,-,-,-,-,-,-,-,-,-,-,-,-,-,-,-,-,-,-,-,-,.,.,.,.,.,.,.,.

Ningyou 7,SL446898,.,C,A,*,C,*,*,*,*,*,*,*,*,*,*,*,*,*,*,ACGTCTCTCTCTA,*,*,CAAAAAAAAAGAAGGT,*,*,*,*,*,*,*,*,*,C,*,*,GA,*,*,ATTTTTTGTTGTTGA,*,*,*,*,*,*,*,ACCAC,*,*,*,*,*,*
 , ,.,-,-,-,-,C,T,T,ATTTTTCCCA,-,A,TA,-,-,A,-,C,-,-,-,-,-,-,T,-,T,-,C,C,GAAA,C,-,-,-,-,-,T,T,ATTTTTTTTGTTGTTGA,T,G,-,C,CTATT,ATTTTTTTATATTG,T,-,T,A,TGAG,G,-,T

Chembre Dzagumhana,SL446841,A,C,*,A,C,*,*,*,*,*,*,*,*,*,*,*,*,*,*,ACGTCTCTCTCTA,*,*,CAAAAAAAAAAGAGGT,*,*,*,*,*,*,*,*,*,*,*,*,AA,*,*,*,*,*,*,*,*,*,*,ACCAC,*,*,.,.,.,.
 , ,-,-,-,-,-,-,-,-,-,-,-,-,-,-,-,-,-,-,-,-,-,-,-,-,-,-,-,-,-,-,-,-,-,-,-,-,-,-,-,-,-,-,-,-,-,-,-,-,-,.,.,.,.

Q100,SL446838,A,C,*,A,C,*,*,*,*,*,*,*,*,*,*,*,*,C,T,ACGTCTCTCTCTA,*,*,CAAAAAAAAAAGGT,*,*,*,*,*,*,*,*,*,*,*,*,GA,*,*,*,*,*,*,*,*,.,.,.,.,.,.,.,.,.
 , ,-,-,-,-,-,C,T,T,ATTTTTCCCA,-,A,TA,-,C,-,-,-,-,-,-,-,-,-,-,GTGTTTTTGGTTTA,-,A,C,C,GAAA,C,-,-,-,ATGTA,-,T,-,ATTTTTTGTTGTTGA,T,-,T,C,-,.,.,.,.,.,.,.,.,.

Dippes,SL446826,A,C,*,A,C,*,*,*,*,*,*,*,*,*,*,*,*,C,T,ACGTCTCTCTCTA,*,*,CAAAAAAAAAAGGT,*,*,*,A,*,*,*,*,*,*,*,*,GA,*,*,*,*,*,T,*,*,*,*,ACCAC,*,*,*,.,.,.
 , ,-,-,-,-,-,-,-,-,-,-,-,-,-,-,-,-,-,-,-,-,-,-,-,-,-,-,-,-,-,-,-,-,-,-,-,-,-,-,-,-,-,-,-,-,-,-,-,-,-,-,.,.,.

Slovenska Krajova,SL446831,A,C,*,A,C,*,*,*,*,*,*,*,*,*,*,*,*,*,*,ACGTCTCTCTCTA,*,*,CAAAAAAAAAAGAGGT,*,*,*,*,*,*,*,*,*,*,*,*,AA,*,*,*,*,*,*,*,*,*,*,ACCAC,*,*,.,.,.,.
 , ,-,-,-,-,-,-,-,-,-,-,-,-,-,-,-,-,-,-,-,-,-,-,-,-,-,-,-,-,-,-,-,-,-,-,-,-,-,-,-,-,-,-,-,-,-,-,-,-,-,.,.,.,.

Coriander,SL446825,*,*,*,*,*,*,*,*,*,*,*,*,*,*,*,*,*,*,*,*,*,*,*,*,*,*,*,*,*,*,*,*,*,*,*,GA,*,*,*,*,*,*,*,*,*,*,*,*,*,.,.,.,.
 , ,A,C,-,A,C,C,T,T,ATTTTTCCCA,-,A,TA,-,-,-,-,-,-,-,ACGTCTCTCTCTA,-,-,CAAAAAAAAAAGAGGT,-,-,-,-,C,C,GAAA,C,-,-,-,-,AA,T,-,ATTTTTTGTTGTTGA,T,-,-,C,-,-,-,ACCAC,-,-,.,.,.,.

Aphid Resistant rape,SL446834,.,.,.,.,.,.,.,.,.,.,.,.,.,*,*,*,*,*,*,*,.,.,.,.,.,.,.,.,.,.,.,.,.,.,.,.,.,.,.,.,.,.,.,.,.,.,.,.,.,.,.,.,.
 , ,.,.,.,.,.,.,.,.,.,.,.,.,.,-,-,-,-,-,-,-,.,.,.,.,.,.,.,.,.,.,.,.,.,.,.,.,.,.,.,.,.,.,.,.,.,.,.,.,.,.,.,.,.

KARAT,SL446857,.,C,A,*,C,*,*,*,*,*,*,*,*,*,*,*,*,*,*,ACGTCTCTCTCTA,*,*,CAAAAAAAAAGAAGGT,*,*,*,*,*,*,*,*,*,C,*,*,GA,*,*,ATTTTTTGTTGTTGA,*,*,*,*,*,*,*,ACCAC,*,.,.,.,.,.
 , ,.,-,-,-,-,C,T,T,ATTTTTCCCA,-,A,TA,-,-,A,-,C,-,-,-,-,-,-,T,GTGTTTTTGGTTTA,T,-,C,C,GAAA,-,-,-,-,ATGTA,-,T,-,ATTTTTTTTGTTGTTGA,T,G,-,C,CTATT,ATTTTTTTATATTG,T,-,-,.,.,.,.,.

YORK,SL446887,A,C,*,A,C,*,*,*,*,*,*,*,*,*,*,A,*,*,*,ACGTCTCTCTCTA,*,*,CAAAAAAAAAAGAGGT,*,*,*,*,*,*,*,*,*,*,*,*,GA,*,*,*,*,*,*,*,*,*,*,ACCAC,*,.,.,.,.,.
 , ,-,-,-,-,-,C,T,T,ATTTTTCCCA,-,A,TA,G,-,-,-,-,-,-,-,-,-,-,-,GTGTTTTTGGTTTA,-,-,C,C,GAAA,C,-,-,-,-,-,-,-,ATTTTTTGTTGTTGA,T,-,-,C,CTATT,ATTTTTTTATATTG,-,-,T,.,.,.,.,.

RAFAL DH1,SL446813,*,*,*,*,*,*,*,*,*,*,*,*,*,*,*,*,*,*,*,*,*,*,*,*,*,*,*,*,*,*,*,*,*,*,*,*,*,*,*,*,*,*,*,*,*,*,*,*,*,TGAG,G,*,T
 , ,-,-,-,-,-,C,T,T,ATTTTTCCCA,-,A,TA,-,C,-,-,-,-,-,-,-,-,-,-,GTGTTTTTGGTTTA,-,-,C,C,GAAA,C,C,-,-,ATGTA,GA,T,-,ATTTTTTGTTGTTGA,T,-,-,C,CTATT,ATTTTTTTATATTG,-,ACCAC,T,A,-,-,-,-

Eurol,SL446815,*,*,*,*,*,*,*,*,*,*,*,*,*,*,*,*,*,*,*,*,*,*,*,*,*,*,*,*,*,*,*,*,*,*,*,*,*,*,*,*,*,*,*,*,*,*,*,*,*,*,*,.,.
 , ,-,-,-,-,-,-,-,-,-,-,-,-,-,-,-,-,-,-,-,-,-,-,-,-,-,-,-,-,-,-,-,-,-,-,-,-,-,-,-,-,-,-,-,-,-,-,-,-,-,-,-,.,.

Brauner schnittkohl,SL446839,A,C,*,A,C,*,*,*,*,*,*,*,*,*,*,*,*,C,T,ACGTCTCTCTCTA,*,*,CAAAAAAAAAAGGT,*,*,*,*,*,*,*,*,*,*,*,*,GA,*,*,*,*,*,*,*,*,*,*,ACCAC,*,.,.,.,.,.
 , ,-,-,-,-,-,C,T,T,ATTTTTCCCA,-,A,TA,-,-,-,-,-,-,-,-,-,-,-,-,-,-,A,C,C,GAAA,C,-,-,-,-,-,T,-,ATTTTTTGTTGTTGA,T,-,T,C,CTATT,-,-,-,-,.,.,.,.,.

WESTAR DH,SL446855,*,*,*,*,*,*,*,*,*,*,*,*,*,*,*,*,*,*,*,*,*,*,*,*,*,*,*,*,*,*,*,*,*,*,*,*,*,*,*,*,*,*,*,*,*,*,*,*,*,*,.,.,.
 , ,-,-,-,-,-,-,-,-,-,-,-,-,-,-,-,-,-,-,-,-,-,-,-,-,-,-,-,-,-,-,-,-,-,-,-,-,-,-,-,-,-,-,-,-,-,-,-,-,-,-,.,.,.

WEIHENSTEPHANER,SL446869,A,C,*,A,C,*,*,*,*,*,*,*,*,*,*,*,*,C,T,ACGTCTCTCTCTA,*,*,CAAAAAAAAAAGGT,*,*,*,A,*,*,*,*,*,*,*,*,GA,*,*,*,*,*,T,*,*,*,*,ACCAC,*,.,.,.,.,.
 , ,-,-,-,-,-,-,-,-,-,-,-,-,-,-,-,-,-,-,-,-,-,-,-,-,-,-,-,-,-,-,-,-,-,-,-,-,-,-,-,-,-,-,-,-,-,-,-,-,.,.,.,.,.

Kromerska,SL446827,A,C,*,A,C,*,*,*,*,*,*,*,*,*,*,*,*,C,T,ACGTCTCTCTCTA,*,*,CAAAAAAAAAAGGT,*,*,*,A,*,*,*,*,*,*,*,*,GA,*,*,*,*,*,T,*,*,*,*,ACCAC,*,*,*,G,*,*
 , ,-,-,-,-,-,-,-,-,-,-,-,-,-,-,-,-,-,-,-,-,-,-,-,-,-,-,-,-,-,-,-,-,-,-,-,-,-,-,-,-,-,-,-,-,-,-,-,-,-,-,-,-,-

Drakkar,SL446853,*,*,*,*,*,*,*,*,*,*,*,*,*,*,*,*,*,*,*,*,*,*,*,*,*,*,*,*,*,*,*,*,*,*,*,*,*,*,*,*,*,*,*,*,*,*,*,*,*,*,.,.,.
 , ,-,-,-,-,-,C,T,T,ATTTTTCCCA,-,A,TA,-,-,A,-,C,-,-,-,-,-,-,-,-,-,-,C,C,GAAA,C,-,-,-,-,GA,T,-,ATTTTTTGTTGTTGA,T,-,-,C,CTATT,ATTTTTTTATATTG,-,ACCAC,T,A,TGAG,.,.,.

Excalibur,SL446893,*,*,*,*,*,*,*,*,*,*,*,*,*,*,*,*,*,*,*,*,*,*,*,*,*,*,*,*,*,*,*,*,*,*,*,*,*,*,*,*,*,*,*,*,*,*,*,*,.,.,.,.,.
 , ,-,-,-,-,-,-,-,T,ATTTTTCCCA,-,A,-,-,-,-,-,-,-,-,-,-,-,-,-,-,-,-,C,C,GAAA,-,-,-,-,-,GA,T,-,ATTTTTTGTTGTTGA,T,-,-,C,CTATT,-,-,-,-,.,.,.,.,.

CANBERRA x COURAGE DH LINE,SL446810,*,*,*,*,*,*,*,*,*,*,*,*,*,*,*,*,*,*,*,*,*,*,*,*,*,*,*,*,*,*,*,*,*,*,*,*,*,*,*,*,*,*,*,*,*,*,*,*,*,.,.,.,.
 , ,-,-,-,-,-,C,T,T,ATTTTTCCCA,-,A,-,-,-,-,-,-,-,-,-,-,-,-,-,-,-,-,C,C,GAAA,-,-,-,-,-,-,-,-,ATTTTTTGTTGTTGA,T,-,-,C,-,-,-,ACCAC,T,A,.,.,.,.

Chuanyou 2,SL446891,.,.,.,.,.,C,T,T,ATTTTTCCCA,*,A,TA,*,C,.,.,.,.,.,.,.,.,.,T,GTGTTTTTGGTTTA,*,*,C,C,GAAA,C,C,*,GTTTTTTAC,ATGTA,GA,T,T,ATTTTTTGTTGTTGA,T,*,*,C,CTATT,.,.,.,.,.,.,.,.,.
 , ,.,.,.,.,.,-,-,-,-,-,-,-,-,-,.,.,.,.,.,.,.,.,.,-,-,-,-,-,-,-,-,-,-,-,-,-,-,-,-,-,-,-,-,-,.,.,.,.,.,.,.,.,.

SHANNON x WINNER DH LINE,SL446819,*,*,*,*,*,*,*,*,*,*,*,*,*,*,*,*,*,*,*,*,*,*,*,*,*,*,*,*,*,*,*,*,*,*,*,*,*,*,*,*,*,*,*,*,*,*,*,*,*,*,.,.,*
 , ,-,-,-,-,-,C,T,T,ATTTTTCCCA,-,A,TA,-,-,-,-,-,-,-,-,-,-,-,-,-,-,-,C,C,GAAA,C,-,-,-,-,GA,T,-,ATTTTTTGTTGTTGA,T,-,-,C,CTATT,ATTTTTTTATATTG,-,ACCAC,T,A,TGAG,.,.,T

Dwarf Essex,SL446835,A,C,*,A,C,*,*,*,*,*,*,*,*,*,*,*,*,C,T,ACGTCTCTCTCTA,*,*,CAAAAAAAAAAGGT,*,*,*,*,*,*,*,*,*,*,*,*,GA,*,*,*,*,*,*,*,*,*,*,ACCAC,*,*,.,.,.,.
 , ,-,-,-,-,-,C,T,T,ATTTTTCCCA,-,A,TA,-,-,A,-,C,-,-,-,-,-,-,T,-,-,A,C,C,GAAA,-,-,-,-,-,-,T,-,ATTTTTTGTTGTTGA,T,-,T,C,CTATT,ATTTTTTTATATTG,-,-,-,A,.,.,.,.

Wilhelmsburger; Reform,SL446885,A,C,*,A,C,*,*,*,*,*,*,*,G,*,*,A,*,*,*,ACGTCTCTCTCTA,*,*,CAAAAAAAAAAGAGGT,*,*,*,*,*,*,*,*,*,*,*,*,GA,*,*,*,*,*,*,*,.,*,*,ACCAC,.,.,.,.,.,.
 , ,-,-,-,-,-,-,-,-,-,-,-,-,-,-,-,-,-,-,-,-,-,-,-,-,-,-,-,-,-,-,-,-,-,-,-,-,-,-,-,-,-,-,-,.,-,-,-,.,.,.,.,.,.

N02D-1952,SL446861,*,*,*,*,*,*,*,*,*,*,*,*,*,*,*,*,*,*,*,*,*,*,*,*,*,*,*,*,*,*,*,*,*,*,*,*,*,*,*,*,*,*,*,*,*,*,*,*,*,*,*,*,*
 , ,-,-,-,-,-,-,-,-,-,-,-,-,-,-,-,-,-,-,-,-,-,-,-,-,-,-,-,-,-,-,-,-,-,-,-,-,-,-,-,-,-,-,-,-,-,-,-,-,-,-,-,-,-

APEX-93_5 X GINYOU_3 DH LINE,SL446808,A,C,*,A,C,*,*,*,*,*,*,*,*,*,*,*,*,*,*,ACGTCTCTCTCTA,*,*,CAAAAAAAAAAGAGGT,*,*,*,*,*,*,*,*,*,*,*,*,AA,*,*,*,*,*,*,*,*,*,*,ACCAC,*,.,.,.,.,.
 , ,-,-,-,-,-,-,-,-,-,-,-,-,-,-,-,-,-,-,-,-,-,-,-,-,-,-,-,-,-,-,-,-,-,-,-,-,-,-,-,-,-,-,-,-,-,-,-,-,.,.,.,.,.

LEMBKES MALCHOWER (LENORA),SL446821,A,C,*,A,C,*,*,*,*,*,*,*,*,*,*,*,*,*,*,ACGTCTCTCTCTA,*,*,CAAAAAAAAAAGAGGT,*,*,*,*,*,*,*,*,*,*,*,*,AA,*,*,*,*,*,*,*,*,*,*,ACCAC,*,*,.,.,.,.
 , ,-,-,-,-,-,-,-,-,-,-,-,-,-,-,-,-,-,-,-,-,-,-,-,-,-,-,-,-,-,-,-,-,-,-,-,-,-,-,-,-,-,-,-,-,-,-,-,-,-,.,.,.,.

Flash,SL446894,*,*,*,*,*,*,*,*,*,*,*,*,*,*,*,*,*,*,*,*,*,*,*,*,*,*,*,*,*,*,*,*,*,*,*,*,*,*,*,*,*,*,*,*,*,*,*,*,*,*,.,.,.
 , ,A,C,-,A,C,-,-,-,-,-,-,-,-,-,-,-,-,-,-,ACGTCTCTCTCTA,-,-,CAAAAAAAAAAGAGGT,-,-,-,-,-,-,-,-,-,-,-,-,AA,-,-,-,-,-,-,-,-,-,-,ACCAC,-,-,-,.,.,.

SURPASS400-024DH,SL446863,*,*,*,*,*,*,*,*,*,*,*,*,*,*,*,*,*,*,*,*,*,*,*,*,*,*,*,*,*,*,*,*,*,*,*,*,*,*,*,*,*,*,*,*,*,*,*,*,*,.,.,.,.
 , ,-,-,-,-,-,-,-,-,-,-,-,-,-,-,-,-,-,-,-,-,-,-,-,-,-,-,-,-,-,-,-,-,-,-,-,-,-,-,-,-,-,-,-,-,-,-,-,-,-,.,.,.,.

Samourai,SL446823,A,C,*,*,C,*,*,*,*,*,*,*,*,*,*,*,*,*,*,ACGTCTCTCTCTA,*,*,CAAAAAAAAAAGAGGT,*,*,*,*,*,*,*,*,*,*,*,*,GA,*,*,*,*,*,*,*,*,*,*,ACCAC,*,*,.,.,.,.
 , ,-,-,A,A,-,C,T,T,ATTTTTCCCA,-,A,TA,-,C,-,-,-,-,-,-,-,-,CAAAAAAAAAGAAGGT,T,GTGTTTTTGGTTTA,T,-,C,C,GAAA,C,-,-,-,ATGTA,AA,T,-,ATTTTTTGTTGTTGA,T,-,-,C,CTATT,ATTTTTTTATATTG,T,-,T,A,.,.,.,.

Ceska Krajova,SL446872,*,*,*,*,*,*,*,*,*,*,*,*,*,*,*,*,*,*,*,*,*,*,*,*,*,*,*,*,*,*,*,*,*,*,*,*,*,*,*,*,*,*,*,*,*,*,*,*,*,.,.,.,.
 , ,-,-,-,-,-,-,-,-,-,-,-,-,-,-,-,-,-,-,-,-,-,-,-,-,-,-,-,-,-,-,-,-,-,-,-,-,-,-,-,-,-,-,-,-,-,-,-,-,-,.,.,.,.

LICROWN X EXPRESS DH LINE,SL446817,*,*,*,*,*,*,*,*,*,*,*,*,*,*,*,*,*,*,*,*,*,*,*,*,*,*,*,*,*,*,*,*,*,*,*,*,*,*,*,*,*,*,*,*,*,*,*,*,*,*,.,.,.
 , ,-,-,-,-,-,C,T,T,ATTTTTCCCA,-,A,TA,-,-,-,-,-,-,-,-,-,-,-,-,GTGTTTTTGGTTTA,-,-,C,C,GAAA,-,-,-,-,-,-,T,-,ATTTTTTGTTGTTGA,T,-,-,C,CTATT,-,-,-,T,A,-,.,.,.

MAZOWIECKI,SL446867,.,.,.,.,.,.,.,.,.,.,.,.,.,.,.,.,.,.,.,.,.,.,.,.,.,.,.,.,.,.,.,.,.,.,.,.,.,.,.,.,.,.,.,.,.,.,.,.,.,.,.,.,.
 , ,.,.,.,.,.,.,.,.,.,.,.,.,.,.,.,.,.,.,.,.,.,.,.,.,.,.,.,.,.,.,.,.,.,.,.,.,.,.,.,.,.,.,.,.,.,.,.,.,.,.,.,.,.

MADRIGAL x RECITAL DH LINE,SL446812,*,*,*,*,*,*,*,*,*,*,*,*,*,*,*,*,*,*,*,*,*,*,*,*,*,*,*,*,*,*,*,*,*,*,*,*,*,*,*,*,*,*,*,*,*,*,*,*,*,*,.,.,.
 , ,-,-,-,-,-,C,T,T,ATTTTTCCCA,-,A,TA,-,-,-,-,-,-,-,-,-,-,-,-,GTGTTTTTGGTTTA,-,-,C,C,GAAA,C,-,-,-,-,GA,T,-,ATTTTTTGTTGTTGA,T,-,-,C,-,-,-,-,-,A,TGAG,.,.,.

Norin,SL446822,A,C,*,A,C,*,*,*,*,*,*,*,*,*,*,*,*,*,*,ACGTCTCTCTCTA,*,*,CAAAAAAAAAAGAGGT,*,*,*,*,*,*,*,*,*,*,*,*,GA,*,*,*,*,*,*,*,*,*,*,ACCAC,*,*,.,.,.,.
 , ,-,-,-,-,-,C,T,T,ATTTTTCCCA,-,A,TA,G,C,-,A,-,-,-,-,-,-,-,-,-,-,-,C,C,GAAA,-,-,-,-,-,AA,T,-,ATTTTTTGTTGTTGA,T,-,-,C,CTATT,ATTTTTTTATATTG,-,-,-,A,.,.,.,.

TAPIDOR DH,SL446814,*,*,*,*,*,*,*,*,*,*,*,*,*,*,*,*,*,*,*,*,*,*,*,*,*,*,*,*,*,*,*,*,*,*,*,*,*,*,*,*,*,*,*,*,.,.,.,.,.,.,.,.,.
 , ,-,-,-,-,-,-,-,-,-,-,A,TA,-,-,A,-,C,-,-,-,-,-,-,-,-,-,-,-,-,-,-,-,-,-,-,-,-,-,-,-,-,-,-,-,.,.,.,.,.,.,.,.,.

Slapska Slapy,SL446845,A,C,*,A,C,*,*,*,*,*,*,*,*,*,*,*,*,*,*,ACGTCTCTCTCTA,*,*,CAAAAAAAAAAGAGGT,*,*,*,*,*,*,*,*,*,*,*,*,GA,*,*,*,*,*,*,*,*,*,*,ACCAC,*,*,*,*,.,.
 , ,-,-,-,-,-,C,T,T,ATTTTTCCCA,-,A,TA,-,-,-,-,-,-,-,-,-,-,-,-,-,-,-,C,C,GAAA,C,-,-,-,-,AA,T,-,ATTTTTTGTTGTTGA,T,-,-,C,CTATT,ATTTTTTTATATTG,-,-,-,A,TGAG,G,.,.

Tina,SL446883,A,C,*,A,C,*,*,*,*,*,*,*,G,*,*,A,*,*,*,ACGTCTCTCTCTA,*,*,CAAAAAAAAAAGAGGT,*,*,*,*,*,*,*,*,*,*,*,*,GA,*,*,*,*,*,*,*,*,*,*,ACCAC,*,*,.,.,.,.
 , ,-,-,-,-,-,-,-,-,-,-,-,-,-,-,-,-,-,-,-,-,-,-,-,-,-,-,-,-,-,-,-,-,-,-,-,-,-,-,-,-,-,-,-,-,-,-,-,-,A,.,.,.,.

Moana rape,SL446833,*,C,*,*,*,*,*,*,*,C,*,*,*,*,*,*,*,*,*,*,*,*,*,*,*,*,*,*,*,*,*,*,*,*,*,*,*,*,*,*,*,*,*,*,*,*,ACCAC,.,*,*,*,*,.
 , ,-,-,-,-,-,-,-,-,-,-,-,-,-,-,-,-,-,-,-,-,-,-,-,-,-,-,-,-,-,-,-,-,-,-,-,-,-,-,ATTTTTTGTTGTTGA,-,-,-,-,-,-,-,-,.,-,-,-,-,.

HANSEN X GASPARD DH LINE,SL446811,A,C,*,A,C,*,*,*,*,*,*,*,*,*,*,*,*,*,*,ACGTCTCTCTCTA,*,*,CAAAAAAAAAAGAGGT,*,*,*,*,*,*,*,*,*,*,*,*,GA,*,*,*,*,*,*,*,*,*,*,ACCAC,*,*,*,*,*,*
 , ,-,-,-,-,-,C,T,T,ATTTTTCCCA,-,A,TA,-,-,-,-,-,-,-,-,-,-,-,-,-,-,-,C,C,GAAA,-,-,-,-,-,AA,T,-,ATTTTTTGTTGTTGA,T,-,-,C,CTATT,ATTTTTTTATATTG,-,-,T,A,TGAG,G,T,T

Baltia,SL446824,*,*,*,*,*,*,*,*,*,*,*,*,*,*,*,*,*,*,*,*,*,*,*,*,*,*,*,*,*,*,*,*,*,*,*,*,*,*,*,*,*,*,*,*,*,*,*,*,*,*,.,.,.
 , ,A,C,-,-,-,-,-,-,-,-,A,TA,-,-,A,-,C,-,T,ACGTCTCTCTCTA,G,G,CAAAAAAAAAAGAGGT,T,-,-,-,-,C,GAAA,-,-,-,-,-,GA,-,-,-,-,-,-,-,-,ATTTTTTTATATTG,-,ACCAC,T,A,-,.,.,.

TANTAL,SL446868,.,.,.,.,.,C,T,T,ATTTTTCCCA,*,A,TA,*,C,.,.,.,.,.,.,.,.,.,T,GTGTTTTTGGTTTA,*,*,C,C,GAAA,C,C,*,GTTTTTTAC,ATGTA,GA,T,*,ATTTTTTGTTGTTGA,T,*,*,C,CTATT,.,.,.,.,.,TGAG,G,*,.
 , ,.,.,.,.,.,-,-,-,-,-,-,-,-,-,.,.,.,.,.,.,.,.,.,-,-,-,-,-,-,-,-,-,-,-,-,-,-,-,-,-,-,-,-,-,.,.,.,.,.,-,-,-,.

Siberische boerenkool,SL446844,.,.,.,.,.,.,.,.,.,.,.,.,.,.,.,.,.,.,.,.,.,.,.,.,.,.,.,.,.,.,.,.,.,.,.,.,.,.,.,.,.,.,.,.,.,.,.,.,.,.,.,.,.
 , ,.,.,.,.,.,.,.,.,.,.,.,.,.,.,.,.,.,.,.,.,.,.,.,.,.,.,.,.,.,.,.,.,.,.,.,.,.,.,.,.,.,.,.,.,.,.,.,.,.,.,.,.,.

JAUNE A COLLET VERT,SL446879,*,*,*,*,*,*,*,*,*,*,*,*,*,*,*,*,*,*,*,*,*,*,*,*,*,*,*,*,*,*,*,*,*,*,*,*,*,*,*,*,*,*,*,*,*,*,*,*,*,.,*,*,*
 , ,A,C,-,A,C,-,-,-,-,-,-,TA,G,-,A,A,C,-,-,ACGTCTCTCTCTA,-,-,CAAAAAAAAAAGAGGT,-,-,-,-,-,-,-,-,-,-,-,-,GA,-,-,-,-,-,-,-,-,-,-,ACCAC,-,-,.,-,-,-

GROENE GRONINGER SNIJMOES,SL446847,*,*,*,*,*,*,*,*,*,*,*,*,*,*,*,*,*,*,*,*,*,*,*,*,*,*,*,*,*,*,*,*,*,*,*,*,*,*,*,*,*,*,*,*,*,*,*,*,*,*,.,.,.
 , ,-,-,-,-,-,-,-,-,-,-,-,-,-,-,-,-,-,-,-,-,-,-,-,-,-,-,-,-,-,-,-,-,-,-,-,-,-,-,-,-,-,-,-,-,-,-,-,-,-,-,.,.,.

JANETZKIS SCHLESISCHER,SL446820,.,.,.,.,.,.,.,.,.,.,.,.,.,.,.,.,.,.,.,.,.,.,.,.,.,.,.,.,.,.,.,.,.,.,.,.,.,.,.,.,.,.,.,.,.,.,.,.,.,.,.,.,.
 , ,.,.,.,.,.,.,.,.,.,.,.,.,.,.,.,.,.,.,.,.,.,.,.,.,.,.,.,.,.,.,.,.,.,.,.,.,.,.,.,.,.,.,.,.,.,.,.,.,.,.,.,.,.

MONTY-028DH,SL446859,*,*,*,*,*,*,*,*,*,*,*,*,*,*,*,*,*,*,*,*,*,*,*,*,*,*,*,*,*,*,*,*,*,*,*,*,*,*,*,*,*,*,*,*,*,*,*,*,*,.,.,.,.
 , ,-,-,-,-,-,-,-,-,-,-,A,TA,-,-,A,-,C,-,-,-,-,-,-,-,-,-,-,-,-,-,-,-,-,-,-,-,-,-,-,-,-,-,-,-,-,-,-,-,-,.,.,.,.

RAPID CYCLING RAPE (CrGC5),SL446848,.,.,.,.,.,C,T,T,ATTTTTCCCA,*,A,TA,*,*,*,*,*,.,.,.,.,.,.,T,GTGTTTTTGGTTTA,*,*,C,C,GAAA,C,C,*,GTTTTTTAC,ATGTA,GA,T,*,ATTTTTTGTTGTTGA,T,*,*,C,CTATT,ATTTTTTTATATTG,.,.,.,A,TGAG,G,*,T
 , ,.,.,.,.,.,-,-,-,-,-,-,-,-,C,-,-,-,.,.,.,.,.,.,-,-,-,-,-,-,-,-,-,-,-,-,-,-,-,-,-,-,-,-,-,-,.,.,.,-,-,-,-,-

SWU Chinese 1,SL446849,.,C,A,*,C,*,*,*,*,*,*,*,*,*,*,*,*,*,*,ACGTCTCTCTCTA,*,*,CAAAAAAAAAGAAGGT,*,*,*,*,*,*,*,*,*,C,*,*,GA,*,*,ATTTTTTGTTGTTGA,*,*,*,*,*,*,T,ACCAC,*,*,*,*,*,*
 , ,.,-,-,-,-,C,T,T,ATTTTTCCCA,-,A,TA,-,-,A,-,C,-,-,-,-,-,-,-,-,T,-,C,C,GAAA,-,-,-,-,-,-,T,T,ATTTTTTTTGTTGTTGA,T,G,-,C,CTATT,-,-,-,-,-,TGAG,G,-,T

Ramses,SL446830,*,C,*,*,*,*,*,*,*,*,*,*,*,*,*,*,*,*,*,ACGTCTCTCTCTA,*,*,*,*,*,*,*,*,*,*,*,*,*,*,*,AA,*,*,*,*,*,*,*,*,*,*,ACCAC,*,.,.,.,.,.
 , ,A,-,-,A,C,-,-,-,-,C,-,-,-,-,-,-,-,-,-,-,-,-,CAAAAAAAAAAGAGGT,-,-,-,-,-,-,-,-,-,-,-,-,-,-,-,-,-,-,-,-,-,-,-,-,-,.,.,.,.,.

SWU Chinese 2,SL446850,*,*,*,*,*,*,*,*,*,*,*,*,*,*,*,*,*,*,*,*,*,*,*,*,*,*,*,*,*,*,*,*,*,*,*,*,*,*,*,*,*,*,*,*,*,*,*,*,*,.,.,.,.
 , ,-,-,-,-,-,C,T,T,ATTTTTCCCA,-,A,TA,-,-,A,-,C,-,-,-,-,-,-,T,-,-,-,C,C,GAAA,C,-,-,-,-,GA,T,T,ATTTTTTGTTGTTGA,T,-,-,C,-,-,-,-,-,A,.,.,.,.

ERGLU,SL446865,*,*,*,*,*,*,*,*,*,*,*,*,*,*,*,*,*,*,*,*,*,*,*,*,*,*,*,*,*,*,*,*,*,*,*,*,*,*,*,*,*,*,*,*,*,*,*,*,*,.,.,.,.
 , ,-,-,-,-,-,-,-,-,-,-,-,-,-,-,-,-,-,-,-,-,-,-,-,-,-,-,-,-,-,-,-,-,-,-,-,-,-,-,-,-,-,-,-,-,-,-,-,-,-,.,.,.,.

Inca x Contact,SL446897,*,*,*,*,*,*,*,*,*,*,*,*,*,*,*,*,*,*,*,*,*,*,*,*,*,*,*,*,*,*,*,*,*,*,*,*,*,*,*,*,*,*,*,*,*,*,*,*,*,*,*,*,.
 , ,-,-,-,-,-,-,-,-,-,-,-,-,-,-,-,-,-,-,-,-,-,-,-,-,-,-,-,-,-,-,-,-,-,-,-,-,-,-,-,-,-,-,-,-,-,-,-,-,-,-,-,-,.

KAROO-057DH,SL446858,*,*,*,*,*,*,*,*,*,*,*,*,*,*,*,*,*,*,*,*,*,*,*,*,*,*,*,*,*,*,*,*,*,*,*,*,*,*,*,*,*,*,*,*,*,*,*,*,*,.,.,.,.
 , ,-,-,-,-,-,-,-,-,-,-,-,-,-,-,-,-,-,-,-,-,-,-,-,-,-,-,-,-,-,-,-,-,-,-,-,-,-,-,-,-,-,-,-,-,-,-,-,-,-,.,.,.,.

Castille,SL446889,*,*,*,*,*,*,*,*,*,*,*,*,*,*,*,*,*,*,*,*,*,*,*,*,*,*,*,*,*,*,*,*,*,*,*,*,*,*,*,*,*,*,*,*,*,*,*,*,*,*,.,.,.
 , ,-,-,-,-,-,-,-,-,-,-,-,-,-,-,-,-,-,-,-,-,-,-,-,-,-,-,-,-,-,-,-,-,-,-,-,-,-,-,-,-,-,-,-,-,-,-,-,-,-,-,.,.,.

Canard,SL446832,.,.,.,.,.,*,.,.,.,*,A,TA,*,*,A,*,C,*,T,ACGTCTCTCTCTA,G,G,CAAAAAAAGT,T,*,*,*,.,*,*,.,.,.,.,.,.,.,.,.,.,.,.,.,.,.,.,.,.,.,.,.,.,.
 , ,.,.,.,.,.,-,.,.,.,-,-,-,-,-,-,-,-,-,-,-,-,-,-,-,-,-,-,.,-,GAAA,.,.,.,.,.,.,.,.,.,.,.,.,.,.,.,.,.,.,.,.,.,.,.

Zhouyou,SL446852,A,C,*,A,C,*,*,*,*,*,*,*,*,*,*,*,*,*,*,ACGTCTCTCTCTA,*,*,CAAAAAAAAAAGAGGT,*,*,*,*,*,*,*,*,*,*,*,*,GA,*,*,*,*,*,*,*,*,.,.,.,*,.,.,.,.,.
 , ,-,-,-,-,-,C,T,T,ATTTTTCCCA,-,A,TA,G,-,A,A,C,-,T,-,G,G,CAAAAAAAGT,T,-,-,-,C,C,GAAA,-,-,-,-,-,-,T,T,ATTTTTTGTTGTTGA,T,-,-,C,CTATT,.,.,.,T,.,.,.,.,.

STELLAR DH,SL446854,*,*,*,*,*,*,*,*,*,*,*,*,*,*,*,*,*,*,*,*,*,*,*,*,*,*,*,*,*,*,*,*,*,*,*,*,*,*,*,*,*,*,*,*,*,*,*,*,*,.,.,.,.
 , ,-,-,-,-,-,-,-,-,-,-,-,-,-,-,-,-,-,-,-,-,-,-,-,-,-,-,-,-,-,-,-,-,-,-,-,-,-,-,-,-,-,-,-,-,-,T,-,-,-,.,.,.,.

CRESOR,SL446856,A,C,*,A,C,*,*,*,*,*,*,*,*,*,*,*,*,*,*,ACGTCTCTCTCTA,*,*,CAAAAAAAAAAGAGGT,*,*,*,*,*,*,*,*,*,*,*,*,AA,*,*,*,*,*,*,*,*,*,*,ACCAC,*,.,.,.,.,.
 , ,-,-,-,-,-,-,-,-,-,-,-,-,-,-,-,-,-,-,-,-,-,-,-,-,-,-,-,-,-,-,-,-,-,-,-,-,-,-,-,-,-,-,-,-,-,-,-,-,.,.,.,.,.

N01D-1330,SL446860,*,*,*,*,*,*,*,*,*,*,*,*,*,*,*,*,*,*,*,*,*,*,*,*,*,*,*,*,*,*,*,*,*,*,*,*,*,*,*,*,*,*,*,*,.,.,.,.,.,.,.,.,.
 , ,A,C,-,A,C,-,-,-,-,-,-,-,-,-,-,-,-,-,-,ACGTCTCTCTCTA,-,-,CAAAAAAAAAAGAGGT,-,-,-,-,-,C,-,-,-,-,-,-,AA,-,-,ATTTTTTGTTGTTGA,T,-,-,C,CTATT,.,.,.,.,.,.,.,.,.

CUBS ROOT,SL446864,.,.,.,.,.,*,*,*,*,*,A,TA,*,*,A,*,C,*,T,*,G,G,CAAAAAAAGT,T,*,*,*,.,.,.,.,.,.,.,.,.,.,.,.,.,.,.,.,.,.,.,.,.,.,.,.,.,.
 , ,.,.,.,.,.,-,-,-,-,-,-,-,-,-,-,-,-,-,-,-,-,-,-,-,-,-,-,.,.,.,.,.,.,.,.,.,.,.,.,.,.,.,.,.,.,.,.,.,.,.,.,.,.

Bienvenu,SL446809,*,*,*,*,*,*,*,*,*,*,*,*,*,*,*,*,*,*,*,*,*,*,*,*,*,*,*,*,*,*,*,*,*,*,*,*,*,*,*,*,*,*,*,*,*,*,*,*,*,.,.,.,.
 , ,-,-,-,-,-,-,-,-,-,-,-,-,-,-,-,-,-,-,-,-,-,-,-,-,-,-,-,-,-,-,-,-,-,-,-,-,-,-,-,-,-,-,-,-,-,-,-,-,-,.,.,.,.

Abukame Natane,SL446846,A,C,*,A,C,*,*,*,*,*,*,*,*,*,*,*,*,*,*,ACGTCTCTCTCTA,*,*,CAAAAAAAAAAGAGGT,*,*,*,*,*,*,*,*,*,*,*,*,AA,*,*,*,*,*,*,*,*,*,*,ACCAC,*,*,.,.,.,.
 , ,-,-,-,-,-,-,-,-,-,-,-,-,-,-,-,-,-,-,-,-,-,-,-,-,-,-,-,-,-,-,-,-,-,-,-,-,-,-,-,-,-,T,-,-,-,-,-,-,-,.,.,.,.

HELIOS,SL446866,*,*,*,*,*,*,*,*,*,*,*,*,*,*,*,*,*,*,*,*,*,*,*,*,*,*,*,*,*,*,*,*,*,*,*,*,*,*,*,*,*,*,*,*,*,*,*,*,*,.,.,.,.
 , ,-,-,-,-,-,-,-,-,-,-,-,-,-,-,-,-,-,-,-,-,-,-,-,-,-,-,-,-,-,-,-,-,-,-,-,-,-,-,-,-,-,-,-,-,-,-,-,-,-,.,.,.,.

Liho,SL446870,.,.,.,.,.,.,.,.,.,.,.,.,.,.,.,.,.,.,.,.,.,.,.,.,.,.,.,.,.,.,.,.,.,.,.,.,.,.,.,.,.,.,.,.,.,.,.,.,.,.,.,.,.
 , ,.,.,.,.,.,.,.,.,.,.,.,.,.,.,.,.,.,.,.,.,.,.,.,.,.,.,.,.,.,.,.,.,.,.,.,.,.,.,.,.,.,.,.,.,.,.,.,.,.,.,.,.,.

Bronowski,SL446871,*,*,*,*,*,*,*,*,*,*,*,*,*,*,*,*,*,*,*,*,*,*,*,*,*,*,*,*,*,*,*,*,*,*,*,*,*,*,*,*,*,*,*,*,.,.,.,.,.,.,.,.,.
 , ,-,-,-,-,-,-,-,-,-,-,-,-,-,-,-,-,-,-,-,-,-,-,-,-,-,-,-,-,-,-,-,-,-,-,-,-,-,-,-,-,-,-,-,-,.,.,.,.,.,.,.,.,.

SENSATION NZ,SL446881,A,C,*,A,C,*,*,*,*,*,*,*,*,*,*,*,*,*,*,*,*,*,*,*,*,*,*,*,*,*,*,*,*,*,*,*,*,*,*,*,*,*,*,*,*,*,ACCAC,*,*,*,.,.,.
 , ,-,-,-,-,-,-,-,-,-,-,A,TA,G,-,A,A,C,-,-,ACGTCTCTCTCTA,-,-,CAAAAAAAAAAGAGGT,-,-,-,-,-,-,-,-,-,-,-,-,GA,-,-,-,-,-,-,-,-,-,-,-,-,-,-,.,.,.

Lesira,SL446816,*,*,*,*,*,*,*,*,*,*,*,*,*,*,*,*,*,*,*,*,*,*,*,*,*,*,*,*,*,*,*,*,*,*,*,*,*,*,*,*,*,*,*,*,*,*,*,*,.,.,.,.,.
 , ,A,C,-,A,C,C,T,T,ATTTTTCCCA,-,A,TA,G,-,-,A,-,-,-,ACGTCTCTCTCTA,-,-,CAAAAAAAAAAGAGGT,-,-,-,-,C,C,GAAA,-,-,-,-,-,GA,T,-,ATTTTTTGTTGTTGA,T,-,-,C,CTATT,-,-,ACCAC,-,.,.,.,.,.

Altasweet,SL446882,A,C,*,A,C,*,*,*,*,*,*,*,G,*,*,A,*,*,*,ACGTCTCTCTCTA,*,*,CAAAAAAAAAAGAGGT,*,*,*,*,*,*,*,*,*,*,*,*,GA,*,*,*,*,*,*,*,*,*,*,ACCAC,*,*,*,.,.,.
 , ,-,-,-,-,-,-,-,-,-,-,-,-,-,-,-,-,-,-,-,-,-,-,-,-,-,-,-,-,-,-,-,-,-,-,-,-,-,-,-,-,-,-,-,-,-,-,-,-,-,-,.,.,.

Duplo,SL446874,*,*,*,*,*,*,*,*,*,*,*,*,*,*,*,*,*,*,*,*,*,*,*,*,*,*,*,*,*,*,*,*,*,*,*,*,*,*,*,*,*,*,*,*,*,*,*,*,.,.,.,.,.
 , ,-,-,-,-,-,-,-,-,-,-,-,-,-,-,-,-,-,-,-,-,-,-,-,-,-,-,-,-,-,-,-,-,-,-,-,-,-,-,-,-,-,-,-,-,-,-,-,-,.,.,.,.,.

Willi,SL446877,*,*,*,*,*,*,*,*,*,*,*,*,*,*,*,*,*,*,*,*,*,*,*,*,*,*,*,*,*,*,*,*,*,*,*,*,*,*,*,*,*,*,*,*,*,*,*,*,.,.,.,.,.
 , ,-,-,-,-,-,-,-,-,-,-,-,-,-,-,-,-,-,-,-,-,-,-,-,-,-,-,-,-,-,-,-,-,-,-,-,-,-,-,-,-,-,-,-,-,-,-,-,-,.,.,.,.,.

VIGE DH1,SL446878,.,.,.,.,.,.,.,.,.,.,.,.,.,.,.,.,.,.,.,.,.,.,.,.,.,.,.,*,.,.,.,.,.,.,.,.,.,.,.,.,.,.,.,.,.,.,.,.,.,.,.,.,.
 , ,.,.,.,.,.,.,.,.,.,.,.,.,.,.,.,.,.,.,.,.,.,.,.,.,.,.,.,-,.,.,.,.,.,.,.,.,.,.,.,.,.,.,.,.,.,.,.,.,.,.,.,.,.

Shengliyoucai,SL446903,*,*,*,*,*,*,*,*,*,*,*,*,*,*,*,*,*,*,*,*,*,*,*,*,*,*,*,*,*,*,*,*,*,*,*,*,*,*,*,*,*,*,*,*,.,*,*,*,*,.,.,.,.
 , ,A,C,-,A,C,-,-,-,-,-,A,TA,G,-,A,A,C,-,-,ACGTCTCTCTCTA,-,-,CAAAAAAAAAAGAGGT,-,-,-,-,-,-,-,-,-,-,-,-,GA,-,-,-,-,-,-,-,-,.,-,ACCAC,-,-,.,.,.,.

HUGUENOT,SL446880,*,*,*,*,*,*,*,*,*,*,*,*,*,*,*,*,*,*,*,*,*,*,*,*,*,*,*,*,*,*,*,*,*,*,*,*,*,*,*,*,*,*,*,*,*,*,*,*,*,*,.,.,.
 , ,A,C,-,A,C,-,-,-,-,-,-,-,G,-,-,A,-,-,-,ACGTCTCTCTCTA,-,-,CAAAAAAAAAAGAGGT,-,-,-,-,-,-,-,-,-,-,-,-,GA,-,-,-,-,-,-,-,-,-,-,-,-,-,-,.,.,.

Matador,SL446828,*,*,*,*,*,*,*,*,*,*,*,*,*,*,*,*,*,*,*,*,*,*,*,*,*,*,*,*,*,*,*,*,*,*,*,*,*,*,*,*,*,*,*,*,*,*,*,*,*,.,.,.,.
 , ,A,C,-,A,C,-,-,-,-,-,-,-,-,-,-,-,-,-,-,ACGTCTCTCTCTA,-,-,CAAAAAAAAAAGAGGT,-,-,-,-,-,C,-,-,-,-,-,-,AA,-,-,-,-,-,-,-,-,-,-,ACCAC,-,A,.,.,.,.

Cabernet,SL446886,A,C,*,A,C,*,*,*,*,*,*,*,G,*,*,A,*,*,*,ACGTCTCTCTCTA,*,*,CAAAAAAAAAAGAGGT,*,*,*,*,*,*,*,*,*,*,*,*,GA,*,*,*,*,*,*,*,*,*,*,ACCAC,.,.,.,.,.,.
 , ,-,-,-,-,-,-,-,-,-,-,-,-,-,-,-,-,-,-,-,-,-,-,-,-,-,-,-,-,-,-,-,-,-,-,-,-,-,-,-,-,-,-,-,-,-,-,-,.,.,.,.,.,.

Catana,SL446890,*,*,*,*,*,*,*,*,*,*,*,*,*,*,*,*,*,*,*,*,*,*,*,*,*,*,*,*,*,*,*,*,*,*,*,*,*,*,*,*,*,*,*,*,*,*,*,*,*,*,.,.,.
 , ,-,-,-,-,-,-,-,-,-,-,-,-,-,-,-,-,-,-,-,-,-,-,-,-,-,-,-,-,-,-,-,-,-,-,-,-,-,-,-,-,-,-,-,-,-,-,-,-,-,-,.,.,.

Quinta,SL446901,*,*,*,*,*,*,*,*,*,*,*,*,*,*,*,*,*,*,*,*,*,*,*,*,*,*,*,*,*,*,*,*,*,*,*,*,*,*,*,*,*,*,*,*,*,*,*,*,*,.,.,.,.
 , ,-,-,-,-,-,-,-,-,-,-,-,-,-,-,-,-,-,-,-,-,-,-,-,-,-,-,-,-,-,-,-,-,-,-,-,-,-,-,-,-,-,-,-,-,-,-,-,-,-,.,.,.,.

Dimension,SL446892,*,*,*,*,*,*,*,*,*,*,*,*,*,*,*,*,*,*,*,*,*,*,*,*,*,*,*,*,*,*,*,*,*,*,*,*,*,*,*,*,*,*,*,*,*,*,*,*,.,*,.,.,.
 , ,-,-,-,-,-,-,-,-,-,-,-,-,-,-,-,-,-,-,-,-,-,-,-,-,-,-,-,-,-,-,-,-,-,-,-,-,-,-,-,-,-,-,-,-,-,-,-,-,.,-,.,.,.

